<?xml version="1.0" encoding="UTF-8"?>
<OASISReport xmlns="http://www.caiso.com/soa/OASISReport_v1.xsd">
<MessageHeader>
<TimeDate>2018-09-19T03:22:15-00:00</TimeDate>
<Source>OASIS</Source>
<Version>v20140401</Version>
</MessageHeader>
<MessagePayload>
<RTO>
<name>CAISO</name>
<REPORT_ITEM>
<REPORT_HEADER>
<SYSTEM>OASIS</SYSTEM>
<TZ>PPT</TZ>
<REPORT>SLD_REN_FCST</REPORT>
<MKT_TYPE>DAM</MKT_TYPE>
<UOM>MW</UOM>
<INTERVAL>ENDING</INTERVAL>
<SEC_PER_INTERVAL>3600</SEC_PER_INTERVAL>
</REPORT_HEADER>
<REPORT_DATA>
<DATA_ITEM>RENEW_FCST_DA_MW</DATA_ITEM>
<OPR_DATE>2018-08-19</OPR_DATE>
<INTERVAL_NUM>1</INTERVAL_NUM>
<INTERVAL_START_GMT>2018-08-19T07:00:00-00:00</INTERVAL_START_GMT>
<INTERVAL_END_GMT>2018-08-19T08:00:00-00:00</INTERVAL_END_GMT>
<VALUE>0</VALUE>
<TRADING_HUB>NP15</TRADING_HUB>
<RENEWABLE_TYPE>Solar</RENEWABLE_TYPE>
</REPORT_DATA>
<REPORT_DATA>
<DATA_ITEM>RENEW_FCST_DA_MW</DATA_ITEM>
<OPR_DATE>2018-08-19</OPR_DATE>
<INTERVAL_NUM>2</INTERVAL_NUM>
<INTERVAL_START_GMT>2018-08-19T08:00:00-00:00</INTERVAL_START_GMT>
<INTERVAL_END_GMT>2018-08-19T09:00:00-00:00</INTERVAL_END_GMT>
<VALUE>0</VALUE>
<TRADING_HUB>NP15</TRADING_HUB>
<RENEWABLE_TYPE>Solar</RENEWABLE_TYPE>
</REPORT_DATA>
<REPORT_DATA>
<DATA_ITEM>RENEW_FCST_DA_MW</DATA_ITEM>
<OPR_DATE>2018-08-19</OPR_DATE>
<INTERVAL_NUM>3</INTERVAL_NUM>
<INTERVAL_START_GMT>2018-08-19T09:00:00-00:00</INTERVAL_START_GMT>
<INTERVAL_END_GMT>2018-08-19T10:00:00-00:00</INTERVAL_END_GMT>
<VALUE>0</VALUE>
<TRADING_HUB>NP15</TRADING_HUB>
<RENEWABLE_TYPE>Solar</RENEWABLE_TYPE>
</REPORT_DATA>
<REPORT_DATA>
<DATA_ITEM>RENEW_FCST_DA_MW</DATA_ITEM>
<OPR_DATE>2018-08-19</OPR_DATE>
<INTERVAL_NUM>4</INTERVAL_NUM>
<INTERVAL_START_GMT>2018-08-19T10:00:00-00:00</INTERVAL_START_GMT>
<INTERVAL_END_GMT>2018-08-19T11:00:00-00:00</INTERVAL_END_GMT>
<VALUE>0</VALUE>
<TRADING_HUB>NP15</TRADING_HUB>
<RENEWABLE_TYPE>Solar</RENEWABLE_TYPE>
</REPORT_DATA>
<REPORT_DATA>
<DATA_ITEM>RENEW_FCST_DA_MW</DATA_ITEM>
<OPR_DATE>2018-08-19</OPR_DATE>
<INTERVAL_NUM>5</INTERVAL_NUM>
<INTERVAL_START_GMT>2018-08-19T11:00:00-00:00</INTERVAL_START_GMT>
<INTERVAL_END_GMT>2018-08-19T12:00:00-00:00</INTERVAL_END_GMT>
<VALUE>0</VALUE>
<TRADING_HUB>NP15</TRADING_HUB>
<RENEWABLE_TYPE>Solar</RENEWABLE_TYPE>
</REPORT_DATA>
<REPORT_DATA>
<DATA_ITEM>RENEW_FCST_DA_MW</DATA_ITEM>
<OPR_DATE>2018-08-19</OPR_DATE>
<INTERVAL_NUM>6</INTERVAL_NUM>
<INTERVAL_START_GMT>2018-08-19T12:00:00-00:00</INTERVAL_START_GMT>
<INTERVAL_END_GMT>2018-08-19T13:00:00-00:00</INTERVAL_END_GMT>
<VALUE>0</VALUE>
<TRADING_HUB>NP15</TRADING_HUB>
<RENEWABLE_TYPE>Solar</RENEWABLE_TYPE>
</REPORT_DATA>
<REPORT_DATA>
<DATA_ITEM>RENEW_FCST_DA_MW</DATA_ITEM>
<OPR_DATE>2018-08-19</OPR_DATE>
<INTERVAL_NUM>7</INTERVAL_NUM>
<INTERVAL_START_GMT>2018-08-19T13:00:00-00:00</INTERVAL_START_GMT>
<INTERVAL_END_GMT>2018-08-19T14:00:00-00:00</INTERVAL_END_GMT>
<VALUE>20.61</VALUE>
<TRADING_HUB>NP15</TRADING_HUB>
<RENEWABLE_TYPE>Solar</RENEWABLE_TYPE>
</REPORT_DATA>
<REPORT_DATA>
<DATA_ITEM>RENEW_FCST_DA_MW</DATA_ITEM>
<OPR_DATE>2018-08-19</OPR_DATE>
<INTERVAL_NUM>8</INTERVAL_NUM>
<INTERVAL_START_GMT>2018-08-19T14:00:00-00:00</INTERVAL_START_GMT>
<INTERVAL_END_GMT>2018-08-19T15:00:00-00:00</INTERVAL_END_GMT>
<VALUE>429.42</VALUE>
<TRADING_HUB>NP15</TRADING_HUB>
<RENEWABLE_TYPE>Solar</RENEWABLE_TYPE>
</REPORT_DATA>
<REPORT_DATA>
<DATA_ITEM>RENEW_FCST_DA_MW</DATA_ITEM>
<OPR_DATE>2018-08-19</OPR_DATE>
<INTERVAL_NUM>9</INTERVAL_NUM>
<INTERVAL_START_GMT>2018-08-19T15:00:00-00:00</INTERVAL_START_GMT>
<INTERVAL_END_GMT>2018-08-19T16:00:00-00:00</INTERVAL_END_GMT>
<VALUE>1016.83</VALUE>
<TRADING_HUB>NP15</TRADING_HUB>
<RENEWABLE_TYPE>Solar</RENEWABLE_TYPE>
</REPORT_DATA>
<REPORT_DATA>
<DATA_ITEM>RENEW_FCST_DA_MW</DATA_ITEM>
<OPR_DATE>2018-08-19</OPR_DATE>
<INTERVAL_NUM>10</INTERVAL_NUM>
<INTERVAL_START_GMT>2018-08-19T16:00:00-00:00</INTERVAL_START_GMT>
<INTERVAL_END_GMT>2018-08-19T17:00:00-00:00</INTERVAL_END_GMT>
<VALUE>1213.31</VALUE>
<TRADING_HUB>NP15</TRADING_HUB>
<RENEWABLE_TYPE>Solar</RENEWABLE_TYPE>
</REPORT_DATA>
<REPORT_DATA>
<DATA_ITEM>RENEW_FCST_DA_MW</DATA_ITEM>
<OPR_DATE>2018-08-19</OPR_DATE>
<INTERVAL_NUM>11</INTERVAL_NUM>
<INTERVAL_START_GMT>2018-08-19T17:00:00-00:00</INTERVAL_START_GMT>
<INTERVAL_END_GMT>2018-08-19T18:00:00-00:00</INTERVAL_END_GMT>
<VALUE>1305.78</VALUE>
<TRADING_HUB>NP15</TRADING_HUB>
<RENEWABLE_TYPE>Solar</RENEWABLE_TYPE>
</REPORT_DATA>
<REPORT_DATA>
<DATA_ITEM>RENEW_FCST_DA_MW</DATA_ITEM>
<OPR_DATE>2018-08-19</OPR_DATE>
<INTERVAL_NUM>12</INTERVAL_NUM>
<INTERVAL_START_GMT>2018-08-19T18:00:00-00:00</INTERVAL_START_GMT>
<INTERVAL_END_GMT>2018-08-19T19:00:00-00:00</INTERVAL_END_GMT>
<VALUE>1312.13</VALUE>
<TRADING_HUB>NP15</TRADING_HUB>
<RENEWABLE_TYPE>Solar</RENEWABLE_TYPE>
</REPORT_DATA>
<REPORT_DATA>
<DATA_ITEM>RENEW_FCST_DA_MW</DATA_ITEM>
<OPR_DATE>2018-08-19</OPR_DATE>
<INTERVAL_NUM>13</INTERVAL_NUM>
<INTERVAL_START_GMT>2018-08-19T19:00:00-00:00</INTERVAL_START_GMT>
<INTERVAL_END_GMT>2018-08-19T20:00:00-00:00</INTERVAL_END_GMT>
<VALUE>1302.8</VALUE>
<TRADING_HUB>NP15</TRADING_HUB>
<RENEWABLE_TYPE>Solar</RENEWABLE_TYPE>
</REPORT_DATA>
<REPORT_DATA>
<DATA_ITEM>RENEW_FCST_DA_MW</DATA_ITEM>
<OPR_DATE>2018-08-19</OPR_DATE>
<INTERVAL_NUM>14</INTERVAL_NUM>
<INTERVAL_START_GMT>2018-08-19T20:00:00-00:00</INTERVAL_START_GMT>
<INTERVAL_END_GMT>2018-08-19T21:00:00-00:00</INTERVAL_END_GMT>
<VALUE>1294.81</VALUE>
<TRADING_HUB>NP15</TRADING_HUB>
<RENEWABLE_TYPE>Solar</RENEWABLE_TYPE>
</REPORT_DATA>
<REPORT_DATA>
<DATA_ITEM>RENEW_FCST_DA_MW</DATA_ITEM>
<OPR_DATE>2018-08-19</OPR_DATE>
<INTERVAL_NUM>15</INTERVAL_NUM>
<INTERVAL_START_GMT>2018-08-19T21:00:00-00:00</INTERVAL_START_GMT>
<INTERVAL_END_GMT>2018-08-19T22:00:00-00:00</INTERVAL_END_GMT>
<VALUE>1299.56</VALUE>
<TRADING_HUB>NP15</TRADING_HUB>
<RENEWABLE_TYPE>Solar</RENEWABLE_TYPE>
</REPORT_DATA>
<REPORT_DATA>
<DATA_ITEM>RENEW_FCST_DA_MW</DATA_ITEM>
<OPR_DATE>2018-08-19</OPR_DATE>
<INTERVAL_NUM>16</INTERVAL_NUM>
<INTERVAL_START_GMT>2018-08-19T22:00:00-00:00</INTERVAL_START_GMT>
<INTERVAL_END_GMT>2018-08-19T23:00:00-00:00</INTERVAL_END_GMT>
<VALUE>1286.84</VALUE>
<TRADING_HUB>NP15</TRADING_HUB>
<RENEWABLE_TYPE>Solar</RENEWABLE_TYPE>
</REPORT_DATA>
<REPORT_DATA>
<DATA_ITEM>RENEW_FCST_DA_MW</DATA_ITEM>
<OPR_DATE>2018-08-19</OPR_DATE>
<INTERVAL_NUM>17</INTERVAL_NUM>
<INTERVAL_START_GMT>2018-08-19T23:00:00-00:00</INTERVAL_START_GMT>
<INTERVAL_END_GMT>2018-08-20T00:00:00-00:00</INTERVAL_END_GMT>
<VALUE>1216.26</VALUE>
<TRADING_HUB>NP15</TRADING_HUB>
<RENEWABLE_TYPE>Solar</RENEWABLE_TYPE>
</REPORT_DATA>
<REPORT_DATA>
<DATA_ITEM>RENEW_FCST_DA_MW</DATA_ITEM>
<OPR_DATE>2018-08-19</OPR_DATE>
<INTERVAL_NUM>18</INTERVAL_NUM>
<INTERVAL_START_GMT>2018-08-20T00:00:00-00:00</INTERVAL_START_GMT>
<INTERVAL_END_GMT>2018-08-20T01:00:00-00:00</INTERVAL_END_GMT>
<VALUE>1010.2</VALUE>
<TRADING_HUB>NP15</TRADING_HUB>
<RENEWABLE_TYPE>Solar</RENEWABLE_TYPE>
</REPORT_DATA>
<REPORT_DATA>
<DATA_ITEM>RENEW_FCST_DA_MW</DATA_ITEM>
<OPR_DATE>2018-08-19</OPR_DATE>
<INTERVAL_NUM>19</INTERVAL_NUM>
<INTERVAL_START_GMT>2018-08-20T01:00:00-00:00</INTERVAL_START_GMT>
<INTERVAL_END_GMT>2018-08-20T02:00:00-00:00</INTERVAL_END_GMT>
<VALUE>474.98</VALUE>
<TRADING_HUB>NP15</TRADING_HUB>
<RENEWABLE_TYPE>Solar</RENEWABLE_TYPE>
</REPORT_DATA>
<REPORT_DATA>
<DATA_ITEM>RENEW_FCST_DA_MW</DATA_ITEM>
<OPR_DATE>2018-08-19</OPR_DATE>
<INTERVAL_NUM>20</INTERVAL_NUM>
<INTERVAL_START_GMT>2018-08-20T02:00:00-00:00</INTERVAL_START_GMT>
<INTERVAL_END_GMT>2018-08-20T03:00:00-00:00</INTERVAL_END_GMT>
<VALUE>40.04</VALUE>
<TRADING_HUB>NP15</TRADING_HUB>
<RENEWABLE_TYPE>Solar</RENEWABLE_TYPE>
</REPORT_DATA>
<REPORT_DATA>
<DATA_ITEM>RENEW_FCST_DA_MW</DATA_ITEM>
<OPR_DATE>2018-08-19</OPR_DATE>
<INTERVAL_NUM>21</INTERVAL_NUM>
<INTERVAL_START_GMT>2018-08-20T03:00:00-00:00</INTERVAL_START_GMT>
<INTERVAL_END_GMT>2018-08-20T04:00:00-00:00</INTERVAL_END_GMT>
<VALUE>0</VALUE>
<TRADING_HUB>NP15</TRADING_HUB>
<RENEWABLE_TYPE>Solar</RENEWABLE_TYPE>
</REPORT_DATA>
<REPORT_DATA>
<DATA_ITEM>RENEW_FCST_DA_MW</DATA_ITEM>
<OPR_DATE>2018-08-19</OPR_DATE>
<INTERVAL_NUM>22</INTERVAL_NUM>
<INTERVAL_START_GMT>2018-08-20T04:00:00-00:00</INTERVAL_START_GMT>
<INTERVAL_END_GMT>2018-08-20T05:00:00-00:00</INTERVAL_END_GMT>
<VALUE>0</VALUE>
<TRADING_HUB>NP15</TRADING_HUB>
<RENEWABLE_TYPE>Solar</RENEWABLE_TYPE>
</REPORT_DATA>
<REPORT_DATA>
<DATA_ITEM>RENEW_FCST_DA_MW</DATA_ITEM>
<OPR_DATE>2018-08-19</OPR_DATE>
<INTERVAL_NUM>23</INTERVAL_NUM>
<INTERVAL_START_GMT>2018-08-20T05:00:00-00:00</INTERVAL_START_GMT>
<INTERVAL_END_GMT>2018-08-20T06:00:00-00:00</INTERVAL_END_GMT>
<VALUE>0</VALUE>
<TRADING_HUB>NP15</TRADING_HUB>
<RENEWABLE_TYPE>Solar</RENEWABLE_TYPE>
</REPORT_DATA>
<REPORT_DATA>
<DATA_ITEM>RENEW_FCST_DA_MW</DATA_ITEM>
<OPR_DATE>2018-08-19</OPR_DATE>
<INTERVAL_NUM>24</INTERVAL_NUM>
<INTERVAL_START_GMT>2018-08-20T06:00:00-00:00</INTERVAL_START_GMT>
<INTERVAL_END_GMT>2018-08-20T07:00:00-00:00</INTERVAL_END_GMT>
<VALUE>0</VALUE>
<TRADING_HUB>NP15</TRADING_HUB>
<RENEWABLE_TYPE>Solar</RENEWABLE_TYPE>
</REPORT_DATA>
</REPORT_ITEM>
<REPORT_ITEM>
<REPORT_HEADER>
<SYSTEM>OASIS</SYSTEM>
<TZ>PPT</TZ>
<REPORT>SLD_REN_FCST</REPORT>
<MKT_TYPE>DAM</MKT_TYPE>
<UOM>MW</UOM>
<INTERVAL>ENDING</INTERVAL>
<SEC_PER_INTERVAL>3600</SEC_PER_INTERVAL>
</REPORT_HEADER>
<REPORT_DATA>
<DATA_ITEM>RENEW_FCST_DA_MW</DATA_ITEM>
<OPR_DATE>2018-08-19</OPR_DATE>
<INTERVAL_NUM>1</INTERVAL_NUM>
<INTERVAL_START_GMT>2018-08-19T07:00:00-00:00</INTERVAL_START_GMT>
<INTERVAL_END_GMT>2018-08-19T08:00:00-00:00</INTERVAL_END_GMT>
<VALUE>975.28</VALUE>
<TRADING_HUB>NP15</TRADING_HUB>
<RENEWABLE_TYPE>Wind</RENEWABLE_TYPE>
</REPORT_DATA>
<REPORT_DATA>
<DATA_ITEM>RENEW_FCST_DA_MW</DATA_ITEM>
<OPR_DATE>2018-08-19</OPR_DATE>
<INTERVAL_NUM>24</INTERVAL_NUM>
<INTERVAL_START_GMT>2018-08-20T06:00:00-00:00</INTERVAL_START_GMT>
<INTERVAL_END_GMT>2018-08-20T07:00:00-00:00</INTERVAL_END_GMT>
<VALUE>1027.44</VALUE>
<TRADING_HUB>NP15</TRADING_HUB>
<RENEWABLE_TYPE>Wind</RENEWABLE_TYPE>
</REPORT_DATA>
<REPORT_DATA>
<DATA_ITEM>RENEW_FCST_DA_MW</DATA_ITEM>
<OPR_DATE>2018-08-19</OPR_DATE>
<INTERVAL_NUM>3</INTERVAL_NUM>
<INTERVAL_START_GMT>2018-08-19T09:00:00-00:00</INTERVAL_START_GMT>
<INTERVAL_END_GMT>2018-08-19T10:00:00-00:00</INTERVAL_END_GMT>
<VALUE>929.1</VALUE>
<TRADING_HUB>NP15</TRADING_HUB>
<RENEWABLE_TYPE>Wind</RENEWABLE_TYPE>
</REPORT_DATA>
<REPORT_DATA>
<DATA_ITEM>RENEW_FCST_DA_MW</DATA_ITEM>
<OPR_DATE>2018-08-19</OPR_DATE>
<INTERVAL_NUM>4</INTERVAL_NUM>
<INTERVAL_START_GMT>2018-08-19T10:00:00-00:00</INTERVAL_START_GMT>
<INTERVAL_END_GMT>2018-08-19T11:00:00-00:00</INTERVAL_END_GMT>
<VALUE>907.11</VALUE>
<TRADING_HUB>NP15</TRADING_HUB>
<RENEWABLE_TYPE>Wind</RENEWABLE_TYPE>
</REPORT_DATA>
<REPORT_DATA>
<DATA_ITEM>RENEW_FCST_DA_MW</DATA_ITEM>
<OPR_DATE>2018-08-19</OPR_DATE>
<INTERVAL_NUM>5</INTERVAL_NUM>
<INTERVAL_START_GMT>2018-08-19T11:00:00-00:00</INTERVAL_START_GMT>
<INTERVAL_END_GMT>2018-08-19T12:00:00-00:00</INTERVAL_END_GMT>
<VALUE>888.57</VALUE>
<TRADING_HUB>NP15</TRADING_HUB>
<RENEWABLE_TYPE>Wind</RENEWABLE_TYPE>
</REPORT_DATA>
<REPORT_DATA>
<DATA_ITEM>RENEW_FCST_DA_MW</DATA_ITEM>
<OPR_DATE>2018-08-19</OPR_DATE>
<INTERVAL_NUM>6</INTERVAL_NUM>
<INTERVAL_START_GMT>2018-08-19T12:00:00-00:00</INTERVAL_START_GMT>
<INTERVAL_END_GMT>2018-08-19T13:00:00-00:00</INTERVAL_END_GMT>
<VALUE>835.75</VALUE>
<TRADING_HUB>NP15</TRADING_HUB>
<RENEWABLE_TYPE>Wind</RENEWABLE_TYPE>
</REPORT_DATA>
<REPORT_DATA>
<DATA_ITEM>RENEW_FCST_DA_MW</DATA_ITEM>
<OPR_DATE>2018-08-19</OPR_DATE>
<INTERVAL_NUM>7</INTERVAL_NUM>
<INTERVAL_START_GMT>2018-08-19T13:00:00-00:00</INTERVAL_START_GMT>
<INTERVAL_END_GMT>2018-08-19T14:00:00-00:00</INTERVAL_END_GMT>
<VALUE>786.99</VALUE>
<TRADING_HUB>NP15</TRADING_HUB>
<RENEWABLE_TYPE>Wind</RENEWABLE_TYPE>
</REPORT_DATA>
<REPORT_DATA>
<DATA_ITEM>RENEW_FCST_DA_MW</DATA_ITEM>
<OPR_DATE>2018-08-19</OPR_DATE>
<INTERVAL_NUM>8</INTERVAL_NUM>
<INTERVAL_START_GMT>2018-08-19T14:00:00-00:00</INTERVAL_START_GMT>
<INTERVAL_END_GMT>2018-08-19T15:00:00-00:00</INTERVAL_END_GMT>
<VALUE>681.76</VALUE>
<TRADING_HUB>NP15</TRADING_HUB>
<RENEWABLE_TYPE>Wind</RENEWABLE_TYPE>
</REPORT_DATA>
<REPORT_DATA>
<DATA_ITEM>RENEW_FCST_DA_MW</DATA_ITEM>
<OPR_DATE>2018-08-19</OPR_DATE>
<INTERVAL_NUM>9</INTERVAL_NUM>
<INTERVAL_START_GMT>2018-08-19T15:00:00-00:00</INTERVAL_START_GMT>
<INTERVAL_END_GMT>2018-08-19T16:00:00-00:00</INTERVAL_END_GMT>
<VALUE>597.83</VALUE>
<TRADING_HUB>NP15</TRADING_HUB>
<RENEWABLE_TYPE>Wind</RENEWABLE_TYPE>
</REPORT_DATA>
<REPORT_DATA>
<DATA_ITEM>RENEW_FCST_DA_MW</DATA_ITEM>
<OPR_DATE>2018-08-19</OPR_DATE>
<INTERVAL_NUM>10</INTERVAL_NUM>
<INTERVAL_START_GMT>2018-08-19T16:00:00-00:00</INTERVAL_START_GMT>
<INTERVAL_END_GMT>2018-08-19T17:00:00-00:00</INTERVAL_END_GMT>
<VALUE>488.49</VALUE>
<TRADING_HUB>NP15</TRADING_HUB>
<RENEWABLE_TYPE>Wind</RENEWABLE_TYPE>
</REPORT_DATA>
<REPORT_DATA>
<DATA_ITEM>RENEW_FCST_DA_MW</DATA_ITEM>
<OPR_DATE>2018-08-19</OPR_DATE>
<INTERVAL_NUM>11</INTERVAL_NUM>
<INTERVAL_START_GMT>2018-08-19T17:00:00-00:00</INTERVAL_START_GMT>
<INTERVAL_END_GMT>2018-08-19T18:00:00-00:00</INTERVAL_END_GMT>
<VALUE>384.34</VALUE>
<TRADING_HUB>NP15</TRADING_HUB>
<RENEWABLE_TYPE>Wind</RENEWABLE_TYPE>
</REPORT_DATA>
<REPORT_DATA>
<DATA_ITEM>RENEW_FCST_DA_MW</DATA_ITEM>
<OPR_DATE>2018-08-19</OPR_DATE>
<INTERVAL_NUM>12</INTERVAL_NUM>
<INTERVAL_START_GMT>2018-08-19T18:00:00-00:00</INTERVAL_START_GMT>
<INTERVAL_END_GMT>2018-08-19T19:00:00-00:00</INTERVAL_END_GMT>
<VALUE>347.45</VALUE>
<TRADING_HUB>NP15</TRADING_HUB>
<RENEWABLE_TYPE>Wind</RENEWABLE_TYPE>
</REPORT_DATA>
<REPORT_DATA>
<DATA_ITEM>RENEW_FCST_DA_MW</DATA_ITEM>
<OPR_DATE>2018-08-19</OPR_DATE>
<INTERVAL_NUM>13</INTERVAL_NUM>
<INTERVAL_START_GMT>2018-08-19T19:00:00-00:00</INTERVAL_START_GMT>
<INTERVAL_END_GMT>2018-08-19T20:00:00-00:00</INTERVAL_END_GMT>
<VALUE>339.85</VALUE>
<TRADING_HUB>NP15</TRADING_HUB>
<RENEWABLE_TYPE>Wind</RENEWABLE_TYPE>
</REPORT_DATA>
<REPORT_DATA>
<DATA_ITEM>RENEW_FCST_DA_MW</DATA_ITEM>
<OPR_DATE>2018-08-19</OPR_DATE>
<INTERVAL_NUM>14</INTERVAL_NUM>
<INTERVAL_START_GMT>2018-08-19T20:00:00-00:00</INTERVAL_START_GMT>
<INTERVAL_END_GMT>2018-08-19T21:00:00-00:00</INTERVAL_END_GMT>
<VALUE>376.43</VALUE>
<TRADING_HUB>NP15</TRADING_HUB>
<RENEWABLE_TYPE>Wind</RENEWABLE_TYPE>
</REPORT_DATA>
<REPORT_DATA>
<DATA_ITEM>RENEW_FCST_DA_MW</DATA_ITEM>
<OPR_DATE>2018-08-19</OPR_DATE>
<INTERVAL_NUM>15</INTERVAL_NUM>
<INTERVAL_START_GMT>2018-08-19T21:00:00-00:00</INTERVAL_START_GMT>
<INTERVAL_END_GMT>2018-08-19T22:00:00-00:00</INTERVAL_END_GMT>
<VALUE>453.45</VALUE>
<TRADING_HUB>NP15</TRADING_HUB>
<RENEWABLE_TYPE>Wind</RENEWABLE_TYPE>
</REPORT_DATA>
<REPORT_DATA>
<DATA_ITEM>RENEW_FCST_DA_MW</DATA_ITEM>
<OPR_DATE>2018-08-19</OPR_DATE>
<INTERVAL_NUM>16</INTERVAL_NUM>
<INTERVAL_START_GMT>2018-08-19T22:00:00-00:00</INTERVAL_START_GMT>
<INTERVAL_END_GMT>2018-08-19T23:00:00-00:00</INTERVAL_END_GMT>
<VALUE>574.68</VALUE>
<TRADING_HUB>NP15</TRADING_HUB>
<RENEWABLE_TYPE>Wind</RENEWABLE_TYPE>
</REPORT_DATA>
<REPORT_DATA>
<DATA_ITEM>RENEW_FCST_DA_MW</DATA_ITEM>
<OPR_DATE>2018-08-19</OPR_DATE>
<INTERVAL_NUM>17</INTERVAL_NUM>
<INTERVAL_START_GMT>2018-08-19T23:00:00-00:00</INTERVAL_START_GMT>
<INTERVAL_END_GMT>2018-08-20T00:00:00-00:00</INTERVAL_END_GMT>
<VALUE>721.17</VALUE>
<TRADING_HUB>NP15</TRADING_HUB>
<RENEWABLE_TYPE>Wind</RENEWABLE_TYPE>
</REPORT_DATA>
<REPORT_DATA>
<DATA_ITEM>RENEW_FCST_DA_MW</DATA_ITEM>
<OPR_DATE>2018-08-19</OPR_DATE>
<INTERVAL_NUM>18</INTERVAL_NUM>
<INTERVAL_START_GMT>2018-08-20T00:00:00-00:00</INTERVAL_START_GMT>
<INTERVAL_END_GMT>2018-08-20T01:00:00-00:00</INTERVAL_END_GMT>
<VALUE>779.68</VALUE>
<TRADING_HUB>NP15</TRADING_HUB>
<RENEWABLE_TYPE>Wind</RENEWABLE_TYPE>
</REPORT_DATA>
<REPORT_DATA>
<DATA_ITEM>RENEW_FCST_DA_MW</DATA_ITEM>
<OPR_DATE>2018-08-19</OPR_DATE>
<INTERVAL_NUM>19</INTERVAL_NUM>
<INTERVAL_START_GMT>2018-08-20T01:00:00-00:00</INTERVAL_START_GMT>
<INTERVAL_END_GMT>2018-08-20T02:00:00-00:00</INTERVAL_END_GMT>
<VALUE>835.44</VALUE>
<TRADING_HUB>NP15</TRADING_HUB>
<RENEWABLE_TYPE>Wind</RENEWABLE_TYPE>
</REPORT_DATA>
<REPORT_DATA>
<DATA_ITEM>RENEW_FCST_DA_MW</DATA_ITEM>
<OPR_DATE>2018-08-19</OPR_DATE>
<INTERVAL_NUM>20</INTERVAL_NUM>
<INTERVAL_START_GMT>2018-08-20T02:00:00-00:00</INTERVAL_START_GMT>
<INTERVAL_END_GMT>2018-08-20T03:00:00-00:00</INTERVAL_END_GMT>
<VALUE>887.44</VALUE>
<TRADING_HUB>NP15</TRADING_HUB>
<RENEWABLE_TYPE>Wind</RENEWABLE_TYPE>
</REPORT_DATA>
<REPORT_DATA>
<DATA_ITEM>RENEW_FCST_DA_MW</DATA_ITEM>
<OPR_DATE>2018-08-19</OPR_DATE>
<INTERVAL_NUM>21</INTERVAL_NUM>
<INTERVAL_START_GMT>2018-08-20T03:00:00-00:00</INTERVAL_START_GMT>
<INTERVAL_END_GMT>2018-08-20T04:00:00-00:00</INTERVAL_END_GMT>
<VALUE>950.04</VALUE>
<TRADING_HUB>NP15</TRADING_HUB>
<RENEWABLE_TYPE>Wind</RENEWABLE_TYPE>
</REPORT_DATA>
<REPORT_DATA>
<DATA_ITEM>RENEW_FCST_DA_MW</DATA_ITEM>
<OPR_DATE>2018-08-19</OPR_DATE>
<INTERVAL_NUM>22</INTERVAL_NUM>
<INTERVAL_START_GMT>2018-08-20T04:00:00-00:00</INTERVAL_START_GMT>
<INTERVAL_END_GMT>2018-08-20T05:00:00-00:00</INTERVAL_END_GMT>
<VALUE>1004.73</VALUE>
<TRADING_HUB>NP15</TRADING_HUB>
<RENEWABLE_TYPE>Wind</RENEWABLE_TYPE>
</REPORT_DATA>
<REPORT_DATA>
<DATA_ITEM>RENEW_FCST_DA_MW</DATA_ITEM>
<OPR_DATE>2018-08-19</OPR_DATE>
<INTERVAL_NUM>23</INTERVAL_NUM>
<INTERVAL_START_GMT>2018-08-20T05:00:00-00:00</INTERVAL_START_GMT>
<INTERVAL_END_GMT>2018-08-20T06:00:00-00:00</INTERVAL_END_GMT>
<VALUE>1038.88</VALUE>
<TRADING_HUB>NP15</TRADING_HUB>
<RENEWABLE_TYPE>Wind</RENEWABLE_TYPE>
</REPORT_DATA>
<REPORT_DATA>
<DATA_ITEM>RENEW_FCST_DA_MW</DATA_ITEM>
<OPR_DATE>2018-08-19</OPR_DATE>
<INTERVAL_NUM>2</INTERVAL_NUM>
<INTERVAL_START_GMT>2018-08-19T08:00:00-00:00</INTERVAL_START_GMT>
<INTERVAL_END_GMT>2018-08-19T09:00:00-00:00</INTERVAL_END_GMT>
<VALUE>956.19</VALUE>
<TRADING_HUB>NP15</TRADING_HUB>
<RENEWABLE_TYPE>Wind</RENEWABLE_TYPE>
</REPORT_DATA>
</REPORT_ITEM>
<REPORT_ITEM>
<REPORT_HEADER>
<SYSTEM>OASIS</SYSTEM>
<TZ>PPT</TZ>
<REPORT>SLD_REN_FCST</REPORT>
<MKT_TYPE>DAM</MKT_TYPE>
<UOM>MW</UOM>
<INTERVAL>ENDING</INTERVAL>
<SEC_PER_INTERVAL>3600</SEC_PER_INTERVAL>
</REPORT_HEADER>
<REPORT_DATA>
<DATA_ITEM>RENEW_FCST_DA_MW</DATA_ITEM>
<OPR_DATE>2018-08-19</OPR_DATE>
<INTERVAL_NUM>24</INTERVAL_NUM>
<INTERVAL_START_GMT>2018-08-20T06:00:00-00:00</INTERVAL_START_GMT>
<INTERVAL_END_GMT>2018-08-20T07:00:00-00:00</INTERVAL_END_GMT>
<VALUE>0</VALUE>
<TRADING_HUB>SP15</TRADING_HUB>
<RENEWABLE_TYPE>Solar</RENEWABLE_TYPE>
</REPORT_DATA>
<REPORT_DATA>
<DATA_ITEM>RENEW_FCST_DA_MW</DATA_ITEM>
<OPR_DATE>2018-08-19</OPR_DATE>
<INTERVAL_NUM>2</INTERVAL_NUM>
<INTERVAL_START_GMT>2018-08-19T08:00:00-00:00</INTERVAL_START_GMT>
<INTERVAL_END_GMT>2018-08-19T09:00:00-00:00</INTERVAL_END_GMT>
<VALUE>0</VALUE>
<TRADING_HUB>SP15</TRADING_HUB>
<RENEWABLE_TYPE>Solar</RENEWABLE_TYPE>
</REPORT_DATA>
<REPORT_DATA>
<DATA_ITEM>RENEW_FCST_DA_MW</DATA_ITEM>
<OPR_DATE>2018-08-19</OPR_DATE>
<INTERVAL_NUM>23</INTERVAL_NUM>
<INTERVAL_START_GMT>2018-08-20T05:00:00-00:00</INTERVAL_START_GMT>
<INTERVAL_END_GMT>2018-08-20T06:00:00-00:00</INTERVAL_END_GMT>
<VALUE>0</VALUE>
<TRADING_HUB>SP15</TRADING_HUB>
<RENEWABLE_TYPE>Solar</RENEWABLE_TYPE>
</REPORT_DATA>
<REPORT_DATA>
<DATA_ITEM>RENEW_FCST_DA_MW</DATA_ITEM>
<OPR_DATE>2018-08-19</OPR_DATE>
<INTERVAL_NUM>6</INTERVAL_NUM>
<INTERVAL_START_GMT>2018-08-19T12:00:00-00:00</INTERVAL_START_GMT>
<INTERVAL_END_GMT>2018-08-19T13:00:00-00:00</INTERVAL_END_GMT>
<VALUE>0.44</VALUE>
<TRADING_HUB>SP15</TRADING_HUB>
<RENEWABLE_TYPE>Solar</RENEWABLE_TYPE>
</REPORT_DATA>
<REPORT_DATA>
<DATA_ITEM>RENEW_FCST_DA_MW</DATA_ITEM>
<OPR_DATE>2018-08-19</OPR_DATE>
<INTERVAL_NUM>22</INTERVAL_NUM>
<INTERVAL_START_GMT>2018-08-20T04:00:00-00:00</INTERVAL_START_GMT>
<INTERVAL_END_GMT>2018-08-20T05:00:00-00:00</INTERVAL_END_GMT>
<VALUE>0</VALUE>
<TRADING_HUB>SP15</TRADING_HUB>
<RENEWABLE_TYPE>Solar</RENEWABLE_TYPE>
</REPORT_DATA>
<REPORT_DATA>
<DATA_ITEM>RENEW_FCST_DA_MW</DATA_ITEM>
<OPR_DATE>2018-08-19</OPR_DATE>
<INTERVAL_NUM>11</INTERVAL_NUM>
<INTERVAL_START_GMT>2018-08-19T17:00:00-00:00</INTERVAL_START_GMT>
<INTERVAL_END_GMT>2018-08-19T18:00:00-00:00</INTERVAL_END_GMT>
<VALUE>6494.3</VALUE>
<TRADING_HUB>SP15</TRADING_HUB>
<RENEWABLE_TYPE>Solar</RENEWABLE_TYPE>
</REPORT_DATA>
<REPORT_DATA>
<DATA_ITEM>RENEW_FCST_DA_MW</DATA_ITEM>
<OPR_DATE>2018-08-19</OPR_DATE>
<INTERVAL_NUM>21</INTERVAL_NUM>
<INTERVAL_START_GMT>2018-08-20T03:00:00-00:00</INTERVAL_START_GMT>
<INTERVAL_END_GMT>2018-08-20T04:00:00-00:00</INTERVAL_END_GMT>
<VALUE>0</VALUE>
<TRADING_HUB>SP15</TRADING_HUB>
<RENEWABLE_TYPE>Solar</RENEWABLE_TYPE>
</REPORT_DATA>
<REPORT_DATA>
<DATA_ITEM>RENEW_FCST_DA_MW</DATA_ITEM>
<OPR_DATE>2018-08-19</OPR_DATE>
<INTERVAL_NUM>3</INTERVAL_NUM>
<INTERVAL_START_GMT>2018-08-19T09:00:00-00:00</INTERVAL_START_GMT>
<INTERVAL_END_GMT>2018-08-19T10:00:00-00:00</INTERVAL_END_GMT>
<VALUE>0</VALUE>
<TRADING_HUB>SP15</TRADING_HUB>
<RENEWABLE_TYPE>Solar</RENEWABLE_TYPE>
</REPORT_DATA>
<REPORT_DATA>
<DATA_ITEM>RENEW_FCST_DA_MW</DATA_ITEM>
<OPR_DATE>2018-08-19</OPR_DATE>
<INTERVAL_NUM>20</INTERVAL_NUM>
<INTERVAL_START_GMT>2018-08-20T02:00:00-00:00</INTERVAL_START_GMT>
<INTERVAL_END_GMT>2018-08-20T03:00:00-00:00</INTERVAL_END_GMT>
<VALUE>88.81</VALUE>
<TRADING_HUB>SP15</TRADING_HUB>
<RENEWABLE_TYPE>Solar</RENEWABLE_TYPE>
</REPORT_DATA>
<REPORT_DATA>
<DATA_ITEM>RENEW_FCST_DA_MW</DATA_ITEM>
<OPR_DATE>2018-08-19</OPR_DATE>
<INTERVAL_NUM>10</INTERVAL_NUM>
<INTERVAL_START_GMT>2018-08-19T16:00:00-00:00</INTERVAL_START_GMT>
<INTERVAL_END_GMT>2018-08-19T17:00:00-00:00</INTERVAL_END_GMT>
<VALUE>5948</VALUE>
<TRADING_HUB>SP15</TRADING_HUB>
<RENEWABLE_TYPE>Solar</RENEWABLE_TYPE>
</REPORT_DATA>
<REPORT_DATA>
<DATA_ITEM>RENEW_FCST_DA_MW</DATA_ITEM>
<OPR_DATE>2018-08-19</OPR_DATE>
<INTERVAL_NUM>19</INTERVAL_NUM>
<INTERVAL_START_GMT>2018-08-20T01:00:00-00:00</INTERVAL_START_GMT>
<INTERVAL_END_GMT>2018-08-20T02:00:00-00:00</INTERVAL_END_GMT>
<VALUE>1401.59</VALUE>
<TRADING_HUB>SP15</TRADING_HUB>
<RENEWABLE_TYPE>Solar</RENEWABLE_TYPE>
</REPORT_DATA>
<REPORT_DATA>
<DATA_ITEM>RENEW_FCST_DA_MW</DATA_ITEM>
<OPR_DATE>2018-08-19</OPR_DATE>
<INTERVAL_NUM>5</INTERVAL_NUM>
<INTERVAL_START_GMT>2018-08-19T11:00:00-00:00</INTERVAL_START_GMT>
<INTERVAL_END_GMT>2018-08-19T12:00:00-00:00</INTERVAL_END_GMT>
<VALUE>0</VALUE>
<TRADING_HUB>SP15</TRADING_HUB>
<RENEWABLE_TYPE>Solar</RENEWABLE_TYPE>
</REPORT_DATA>
<REPORT_DATA>
<DATA_ITEM>RENEW_FCST_DA_MW</DATA_ITEM>
<OPR_DATE>2018-08-19</OPR_DATE>
<INTERVAL_NUM>18</INTERVAL_NUM>
<INTERVAL_START_GMT>2018-08-20T00:00:00-00:00</INTERVAL_START_GMT>
<INTERVAL_END_GMT>2018-08-20T01:00:00-00:00</INTERVAL_END_GMT>
<VALUE>3973.53</VALUE>
<TRADING_HUB>SP15</TRADING_HUB>
<RENEWABLE_TYPE>Solar</RENEWABLE_TYPE>
</REPORT_DATA>
<REPORT_DATA>
<DATA_ITEM>RENEW_FCST_DA_MW</DATA_ITEM>
<OPR_DATE>2018-08-19</OPR_DATE>
<INTERVAL_NUM>9</INTERVAL_NUM>
<INTERVAL_START_GMT>2018-08-19T15:00:00-00:00</INTERVAL_START_GMT>
<INTERVAL_END_GMT>2018-08-19T16:00:00-00:00</INTERVAL_END_GMT>
<VALUE>4833.38</VALUE>
<TRADING_HUB>SP15</TRADING_HUB>
<RENEWABLE_TYPE>Solar</RENEWABLE_TYPE>
</REPORT_DATA>
<REPORT_DATA>
<DATA_ITEM>RENEW_FCST_DA_MW</DATA_ITEM>
<OPR_DATE>2018-08-19</OPR_DATE>
<INTERVAL_NUM>17</INTERVAL_NUM>
<INTERVAL_START_GMT>2018-08-19T23:00:00-00:00</INTERVAL_START_GMT>
<INTERVAL_END_GMT>2018-08-20T00:00:00-00:00</INTERVAL_END_GMT>
<VALUE>5369.94</VALUE>
<TRADING_HUB>SP15</TRADING_HUB>
<RENEWABLE_TYPE>Solar</RENEWABLE_TYPE>
</REPORT_DATA>
<REPORT_DATA>
<DATA_ITEM>RENEW_FCST_DA_MW</DATA_ITEM>
<OPR_DATE>2018-08-19</OPR_DATE>
<INTERVAL_NUM>1</INTERVAL_NUM>
<INTERVAL_START_GMT>2018-08-19T07:00:00-00:00</INTERVAL_START_GMT>
<INTERVAL_END_GMT>2018-08-19T08:00:00-00:00</INTERVAL_END_GMT>
<VALUE>0</VALUE>
<TRADING_HUB>SP15</TRADING_HUB>
<RENEWABLE_TYPE>Solar</RENEWABLE_TYPE>
</REPORT_DATA>
<REPORT_DATA>
<DATA_ITEM>RENEW_FCST_DA_MW</DATA_ITEM>
<OPR_DATE>2018-08-19</OPR_DATE>
<INTERVAL_NUM>16</INTERVAL_NUM>
<INTERVAL_START_GMT>2018-08-19T22:00:00-00:00</INTERVAL_START_GMT>
<INTERVAL_END_GMT>2018-08-19T23:00:00-00:00</INTERVAL_END_GMT>
<VALUE>5971.65</VALUE>
<TRADING_HUB>SP15</TRADING_HUB>
<RENEWABLE_TYPE>Solar</RENEWABLE_TYPE>
</REPORT_DATA>
<REPORT_DATA>
<DATA_ITEM>RENEW_FCST_DA_MW</DATA_ITEM>
<OPR_DATE>2018-08-19</OPR_DATE>
<INTERVAL_NUM>8</INTERVAL_NUM>
<INTERVAL_START_GMT>2018-08-19T14:00:00-00:00</INTERVAL_START_GMT>
<INTERVAL_END_GMT>2018-08-19T15:00:00-00:00</INTERVAL_END_GMT>
<VALUE>2168.58</VALUE>
<TRADING_HUB>SP15</TRADING_HUB>
<RENEWABLE_TYPE>Solar</RENEWABLE_TYPE>
</REPORT_DATA>
<REPORT_DATA>
<DATA_ITEM>RENEW_FCST_DA_MW</DATA_ITEM>
<OPR_DATE>2018-08-19</OPR_DATE>
<INTERVAL_NUM>15</INTERVAL_NUM>
<INTERVAL_START_GMT>2018-08-19T21:00:00-00:00</INTERVAL_START_GMT>
<INTERVAL_END_GMT>2018-08-19T22:00:00-00:00</INTERVAL_END_GMT>
<VALUE>6462.79</VALUE>
<TRADING_HUB>SP15</TRADING_HUB>
<RENEWABLE_TYPE>Solar</RENEWABLE_TYPE>
</REPORT_DATA>
<REPORT_DATA>
<DATA_ITEM>RENEW_FCST_DA_MW</DATA_ITEM>
<OPR_DATE>2018-08-19</OPR_DATE>
<INTERVAL_NUM>4</INTERVAL_NUM>
<INTERVAL_START_GMT>2018-08-19T10:00:00-00:00</INTERVAL_START_GMT>
<INTERVAL_END_GMT>2018-08-19T11:00:00-00:00</INTERVAL_END_GMT>
<VALUE>0</VALUE>
<TRADING_HUB>SP15</TRADING_HUB>
<RENEWABLE_TYPE>Solar</RENEWABLE_TYPE>
</REPORT_DATA>
<REPORT_DATA>
<DATA_ITEM>RENEW_FCST_DA_MW</DATA_ITEM>
<OPR_DATE>2018-08-19</OPR_DATE>
<INTERVAL_NUM>14</INTERVAL_NUM>
<INTERVAL_START_GMT>2018-08-19T20:00:00-00:00</INTERVAL_START_GMT>
<INTERVAL_END_GMT>2018-08-19T21:00:00-00:00</INTERVAL_END_GMT>
<VALUE>6615.51</VALUE>
<TRADING_HUB>SP15</TRADING_HUB>
<RENEWABLE_TYPE>Solar</RENEWABLE_TYPE>
</REPORT_DATA>
<REPORT_DATA>
<DATA_ITEM>RENEW_FCST_DA_MW</DATA_ITEM>
<OPR_DATE>2018-08-19</OPR_DATE>
<INTERVAL_NUM>7</INTERVAL_NUM>
<INTERVAL_START_GMT>2018-08-19T13:00:00-00:00</INTERVAL_START_GMT>
<INTERVAL_END_GMT>2018-08-19T14:00:00-00:00</INTERVAL_END_GMT>
<VALUE>192.11</VALUE>
<TRADING_HUB>SP15</TRADING_HUB>
<RENEWABLE_TYPE>Solar</RENEWABLE_TYPE>
</REPORT_DATA>
<REPORT_DATA>
<DATA_ITEM>RENEW_FCST_DA_MW</DATA_ITEM>
<OPR_DATE>2018-08-19</OPR_DATE>
<INTERVAL_NUM>13</INTERVAL_NUM>
<INTERVAL_START_GMT>2018-08-19T19:00:00-00:00</INTERVAL_START_GMT>
<INTERVAL_END_GMT>2018-08-19T20:00:00-00:00</INTERVAL_END_GMT>
<VALUE>6706.88</VALUE>
<TRADING_HUB>SP15</TRADING_HUB>
<RENEWABLE_TYPE>Solar</RENEWABLE_TYPE>
</REPORT_DATA>
<REPORT_DATA>
<DATA_ITEM>RENEW_FCST_DA_MW</DATA_ITEM>
<OPR_DATE>2018-08-19</OPR_DATE>
<INTERVAL_NUM>12</INTERVAL_NUM>
<INTERVAL_START_GMT>2018-08-19T18:00:00-00:00</INTERVAL_START_GMT>
<INTERVAL_END_GMT>2018-08-19T19:00:00-00:00</INTERVAL_END_GMT>
<VALUE>6753.2</VALUE>
<TRADING_HUB>SP15</TRADING_HUB>
<RENEWABLE_TYPE>Solar</RENEWABLE_TYPE>
</REPORT_DATA>
</REPORT_ITEM>
<REPORT_ITEM>
<REPORT_HEADER>
<SYSTEM>OASIS</SYSTEM>
<TZ>PPT</TZ>
<REPORT>SLD_REN_FCST</REPORT>
<MKT_TYPE>DAM</MKT_TYPE>
<UOM>MW</UOM>
<INTERVAL>ENDING</INTERVAL>
<SEC_PER_INTERVAL>3600</SEC_PER_INTERVAL>
</REPORT_HEADER>
<REPORT_DATA>
<DATA_ITEM>RENEW_FCST_DA_MW</DATA_ITEM>
<OPR_DATE>2018-08-19</OPR_DATE>
<INTERVAL_NUM>23</INTERVAL_NUM>
<INTERVAL_START_GMT>2018-08-20T05:00:00-00:00</INTERVAL_START_GMT>
<INTERVAL_END_GMT>2018-08-20T06:00:00-00:00</INTERVAL_END_GMT>
<VALUE>2206.38</VALUE>
<TRADING_HUB>SP15</TRADING_HUB>
<RENEWABLE_TYPE>Wind</RENEWABLE_TYPE>
</REPORT_DATA>
<REPORT_DATA>
<DATA_ITEM>RENEW_FCST_DA_MW</DATA_ITEM>
<OPR_DATE>2018-08-19</OPR_DATE>
<INTERVAL_NUM>22</INTERVAL_NUM>
<INTERVAL_START_GMT>2018-08-20T04:00:00-00:00</INTERVAL_START_GMT>
<INTERVAL_END_GMT>2018-08-20T05:00:00-00:00</INTERVAL_END_GMT>
<VALUE>2264.07</VALUE>
<TRADING_HUB>SP15</TRADING_HUB>
<RENEWABLE_TYPE>Wind</RENEWABLE_TYPE>
</REPORT_DATA>
<REPORT_DATA>
<DATA_ITEM>RENEW_FCST_DA_MW</DATA_ITEM>
<OPR_DATE>2018-08-19</OPR_DATE>
<INTERVAL_NUM>21</INTERVAL_NUM>
<INTERVAL_START_GMT>2018-08-20T03:00:00-00:00</INTERVAL_START_GMT>
<INTERVAL_END_GMT>2018-08-20T04:00:00-00:00</INTERVAL_END_GMT>
<VALUE>2302.29</VALUE>
<TRADING_HUB>SP15</TRADING_HUB>
<RENEWABLE_TYPE>Wind</RENEWABLE_TYPE>
</REPORT_DATA>
<REPORT_DATA>
<DATA_ITEM>RENEW_FCST_DA_MW</DATA_ITEM>
<OPR_DATE>2018-08-19</OPR_DATE>
<INTERVAL_NUM>20</INTERVAL_NUM>
<INTERVAL_START_GMT>2018-08-20T02:00:00-00:00</INTERVAL_START_GMT>
<INTERVAL_END_GMT>2018-08-20T03:00:00-00:00</INTERVAL_END_GMT>
<VALUE>2272.84</VALUE>
<TRADING_HUB>SP15</TRADING_HUB>
<RENEWABLE_TYPE>Wind</RENEWABLE_TYPE>
</REPORT_DATA>
<REPORT_DATA>
<DATA_ITEM>RENEW_FCST_DA_MW</DATA_ITEM>
<OPR_DATE>2018-08-19</OPR_DATE>
<INTERVAL_NUM>19</INTERVAL_NUM>
<INTERVAL_START_GMT>2018-08-20T01:00:00-00:00</INTERVAL_START_GMT>
<INTERVAL_END_GMT>2018-08-20T02:00:00-00:00</INTERVAL_END_GMT>
<VALUE>2182.2</VALUE>
<TRADING_HUB>SP15</TRADING_HUB>
<RENEWABLE_TYPE>Wind</RENEWABLE_TYPE>
</REPORT_DATA>
<REPORT_DATA>
<DATA_ITEM>RENEW_FCST_DA_MW</DATA_ITEM>
<OPR_DATE>2018-08-19</OPR_DATE>
<INTERVAL_NUM>18</INTERVAL_NUM>
<INTERVAL_START_GMT>2018-08-20T00:00:00-00:00</INTERVAL_START_GMT>
<INTERVAL_END_GMT>2018-08-20T01:00:00-00:00</INTERVAL_END_GMT>
<VALUE>2031.96</VALUE>
<TRADING_HUB>SP15</TRADING_HUB>
<RENEWABLE_TYPE>Wind</RENEWABLE_TYPE>
</REPORT_DATA>
<REPORT_DATA>
<DATA_ITEM>RENEW_FCST_DA_MW</DATA_ITEM>
<OPR_DATE>2018-08-19</OPR_DATE>
<INTERVAL_NUM>17</INTERVAL_NUM>
<INTERVAL_START_GMT>2018-08-19T23:00:00-00:00</INTERVAL_START_GMT>
<INTERVAL_END_GMT>2018-08-20T00:00:00-00:00</INTERVAL_END_GMT>
<VALUE>1799.17</VALUE>
<TRADING_HUB>SP15</TRADING_HUB>
<RENEWABLE_TYPE>Wind</RENEWABLE_TYPE>
</REPORT_DATA>
<REPORT_DATA>
<DATA_ITEM>RENEW_FCST_DA_MW</DATA_ITEM>
<OPR_DATE>2018-08-19</OPR_DATE>
<INTERVAL_NUM>16</INTERVAL_NUM>
<INTERVAL_START_GMT>2018-08-19T22:00:00-00:00</INTERVAL_START_GMT>
<INTERVAL_END_GMT>2018-08-19T23:00:00-00:00</INTERVAL_END_GMT>
<VALUE>1238.56</VALUE>
<TRADING_HUB>SP15</TRADING_HUB>
<RENEWABLE_TYPE>Wind</RENEWABLE_TYPE>
</REPORT_DATA>
<REPORT_DATA>
<DATA_ITEM>RENEW_FCST_DA_MW</DATA_ITEM>
<OPR_DATE>2018-08-19</OPR_DATE>
<INTERVAL_NUM>15</INTERVAL_NUM>
<INTERVAL_START_GMT>2018-08-19T21:00:00-00:00</INTERVAL_START_GMT>
<INTERVAL_END_GMT>2018-08-19T22:00:00-00:00</INTERVAL_END_GMT>
<VALUE>795.93</VALUE>
<TRADING_HUB>SP15</TRADING_HUB>
<RENEWABLE_TYPE>Wind</RENEWABLE_TYPE>
</REPORT_DATA>
<REPORT_DATA>
<DATA_ITEM>RENEW_FCST_DA_MW</DATA_ITEM>
<OPR_DATE>2018-08-19</OPR_DATE>
<INTERVAL_NUM>14</INTERVAL_NUM>
<INTERVAL_START_GMT>2018-08-19T20:00:00-00:00</INTERVAL_START_GMT>
<INTERVAL_END_GMT>2018-08-19T21:00:00-00:00</INTERVAL_END_GMT>
<VALUE>475.34</VALUE>
<TRADING_HUB>SP15</TRADING_HUB>
<RENEWABLE_TYPE>Wind</RENEWABLE_TYPE>
</REPORT_DATA>
<REPORT_DATA>
<DATA_ITEM>RENEW_FCST_DA_MW</DATA_ITEM>
<OPR_DATE>2018-08-19</OPR_DATE>
<INTERVAL_NUM>13</INTERVAL_NUM>
<INTERVAL_START_GMT>2018-08-19T19:00:00-00:00</INTERVAL_START_GMT>
<INTERVAL_END_GMT>2018-08-19T20:00:00-00:00</INTERVAL_END_GMT>
<VALUE>380.57</VALUE>
<TRADING_HUB>SP15</TRADING_HUB>
<RENEWABLE_TYPE>Wind</RENEWABLE_TYPE>
</REPORT_DATA>
<REPORT_DATA>
<DATA_ITEM>RENEW_FCST_DA_MW</DATA_ITEM>
<OPR_DATE>2018-08-19</OPR_DATE>
<INTERVAL_NUM>12</INTERVAL_NUM>
<INTERVAL_START_GMT>2018-08-19T18:00:00-00:00</INTERVAL_START_GMT>
<INTERVAL_END_GMT>2018-08-19T19:00:00-00:00</INTERVAL_END_GMT>
<VALUE>353.81</VALUE>
<TRADING_HUB>SP15</TRADING_HUB>
<RENEWABLE_TYPE>Wind</RENEWABLE_TYPE>
</REPORT_DATA>
<REPORT_DATA>
<DATA_ITEM>RENEW_FCST_DA_MW</DATA_ITEM>
<OPR_DATE>2018-08-19</OPR_DATE>
<INTERVAL_NUM>11</INTERVAL_NUM>
<INTERVAL_START_GMT>2018-08-19T17:00:00-00:00</INTERVAL_START_GMT>
<INTERVAL_END_GMT>2018-08-19T18:00:00-00:00</INTERVAL_END_GMT>
<VALUE>391.66</VALUE>
<TRADING_HUB>SP15</TRADING_HUB>
<RENEWABLE_TYPE>Wind</RENEWABLE_TYPE>
</REPORT_DATA>
<REPORT_DATA>
<DATA_ITEM>RENEW_FCST_DA_MW</DATA_ITEM>
<OPR_DATE>2018-08-19</OPR_DATE>
<INTERVAL_NUM>10</INTERVAL_NUM>
<INTERVAL_START_GMT>2018-08-19T16:00:00-00:00</INTERVAL_START_GMT>
<INTERVAL_END_GMT>2018-08-19T17:00:00-00:00</INTERVAL_END_GMT>
<VALUE>616.29</VALUE>
<TRADING_HUB>SP15</TRADING_HUB>
<RENEWABLE_TYPE>Wind</RENEWABLE_TYPE>
</REPORT_DATA>
<REPORT_DATA>
<DATA_ITEM>RENEW_FCST_DA_MW</DATA_ITEM>
<OPR_DATE>2018-08-19</OPR_DATE>
<INTERVAL_NUM>9</INTERVAL_NUM>
<INTERVAL_START_GMT>2018-08-19T15:00:00-00:00</INTERVAL_START_GMT>
<INTERVAL_END_GMT>2018-08-19T16:00:00-00:00</INTERVAL_END_GMT>
<VALUE>923.92</VALUE>
<TRADING_HUB>SP15</TRADING_HUB>
<RENEWABLE_TYPE>Wind</RENEWABLE_TYPE>
</REPORT_DATA>
<REPORT_DATA>
<DATA_ITEM>RENEW_FCST_DA_MW</DATA_ITEM>
<OPR_DATE>2018-08-19</OPR_DATE>
<INTERVAL_NUM>8</INTERVAL_NUM>
<INTERVAL_START_GMT>2018-08-19T14:00:00-00:00</INTERVAL_START_GMT>
<INTERVAL_END_GMT>2018-08-19T15:00:00-00:00</INTERVAL_END_GMT>
<VALUE>1250.74</VALUE>
<TRADING_HUB>SP15</TRADING_HUB>
<RENEWABLE_TYPE>Wind</RENEWABLE_TYPE>
</REPORT_DATA>
<REPORT_DATA>
<DATA_ITEM>RENEW_FCST_DA_MW</DATA_ITEM>
<OPR_DATE>2018-08-19</OPR_DATE>
<INTERVAL_NUM>7</INTERVAL_NUM>
<INTERVAL_START_GMT>2018-08-19T13:00:00-00:00</INTERVAL_START_GMT>
<INTERVAL_END_GMT>2018-08-19T14:00:00-00:00</INTERVAL_END_GMT>
<VALUE>1560.06</VALUE>
<TRADING_HUB>SP15</TRADING_HUB>
<RENEWABLE_TYPE>Wind</RENEWABLE_TYPE>
</REPORT_DATA>
<REPORT_DATA>
<DATA_ITEM>RENEW_FCST_DA_MW</DATA_ITEM>
<OPR_DATE>2018-08-19</OPR_DATE>
<INTERVAL_NUM>6</INTERVAL_NUM>
<INTERVAL_START_GMT>2018-08-19T12:00:00-00:00</INTERVAL_START_GMT>
<INTERVAL_END_GMT>2018-08-19T13:00:00-00:00</INTERVAL_END_GMT>
<VALUE>1833.8</VALUE>
<TRADING_HUB>SP15</TRADING_HUB>
<RENEWABLE_TYPE>Wind</RENEWABLE_TYPE>
</REPORT_DATA>
<REPORT_DATA>
<DATA_ITEM>RENEW_FCST_DA_MW</DATA_ITEM>
<OPR_DATE>2018-08-19</OPR_DATE>
<INTERVAL_NUM>5</INTERVAL_NUM>
<INTERVAL_START_GMT>2018-08-19T11:00:00-00:00</INTERVAL_START_GMT>
<INTERVAL_END_GMT>2018-08-19T12:00:00-00:00</INTERVAL_END_GMT>
<VALUE>2052.52</VALUE>
<TRADING_HUB>SP15</TRADING_HUB>
<RENEWABLE_TYPE>Wind</RENEWABLE_TYPE>
</REPORT_DATA>
<REPORT_DATA>
<DATA_ITEM>RENEW_FCST_DA_MW</DATA_ITEM>
<OPR_DATE>2018-08-19</OPR_DATE>
<INTERVAL_NUM>4</INTERVAL_NUM>
<INTERVAL_START_GMT>2018-08-19T10:00:00-00:00</INTERVAL_START_GMT>
<INTERVAL_END_GMT>2018-08-19T11:00:00-00:00</INTERVAL_END_GMT>
<VALUE>2211.93</VALUE>
<TRADING_HUB>SP15</TRADING_HUB>
<RENEWABLE_TYPE>Wind</RENEWABLE_TYPE>
</REPORT_DATA>
<REPORT_DATA>
<DATA_ITEM>RENEW_FCST_DA_MW</DATA_ITEM>
<OPR_DATE>2018-08-19</OPR_DATE>
<INTERVAL_NUM>3</INTERVAL_NUM>
<INTERVAL_START_GMT>2018-08-19T09:00:00-00:00</INTERVAL_START_GMT>
<INTERVAL_END_GMT>2018-08-19T10:00:00-00:00</INTERVAL_END_GMT>
<VALUE>2365.18</VALUE>
<TRADING_HUB>SP15</TRADING_HUB>
<RENEWABLE_TYPE>Wind</RENEWABLE_TYPE>
</REPORT_DATA>
<REPORT_DATA>
<DATA_ITEM>RENEW_FCST_DA_MW</DATA_ITEM>
<OPR_DATE>2018-08-19</OPR_DATE>
<INTERVAL_NUM>2</INTERVAL_NUM>
<INTERVAL_START_GMT>2018-08-19T08:00:00-00:00</INTERVAL_START_GMT>
<INTERVAL_END_GMT>2018-08-19T09:00:00-00:00</INTERVAL_END_GMT>
<VALUE>2510.29</VALUE>
<TRADING_HUB>SP15</TRADING_HUB>
<RENEWABLE_TYPE>Wind</RENEWABLE_TYPE>
</REPORT_DATA>
<REPORT_DATA>
<DATA_ITEM>RENEW_FCST_DA_MW</DATA_ITEM>
<OPR_DATE>2018-08-19</OPR_DATE>
<INTERVAL_NUM>24</INTERVAL_NUM>
<INTERVAL_START_GMT>2018-08-20T06:00:00-00:00</INTERVAL_START_GMT>
<INTERVAL_END_GMT>2018-08-20T07:00:00-00:00</INTERVAL_END_GMT>
<VALUE>2101.37</VALUE>
<TRADING_HUB>SP15</TRADING_HUB>
<RENEWABLE_TYPE>Wind</RENEWABLE_TYPE>
</REPORT_DATA>
<REPORT_DATA>
<DATA_ITEM>RENEW_FCST_DA_MW</DATA_ITEM>
<OPR_DATE>2018-08-19</OPR_DATE>
<INTERVAL_NUM>1</INTERVAL_NUM>
<INTERVAL_START_GMT>2018-08-19T07:00:00-00:00</INTERVAL_START_GMT>
<INTERVAL_END_GMT>2018-08-19T08:00:00-00:00</INTERVAL_END_GMT>
<VALUE>2574.8</VALUE>
<TRADING_HUB>SP15</TRADING_HUB>
<RENEWABLE_TYPE>Wind</RENEWABLE_TYPE>
</REPORT_DATA>
</REPORT_ITEM>
<REPORT_ITEM>
<REPORT_HEADER>
<SYSTEM>OASIS</SYSTEM>
<TZ>PPT</TZ>
<REPORT>SLD_REN_FCST</REPORT>
<MKT_TYPE>DAM</MKT_TYPE>
<UOM>MW</UOM>
<INTERVAL>ENDING</INTERVAL>
<SEC_PER_INTERVAL>3600</SEC_PER_INTERVAL>
</REPORT_HEADER>
<REPORT_DATA>
<DATA_ITEM>RENEW_FCST_DA_MW</DATA_ITEM>
<OPR_DATE>2018-08-19</OPR_DATE>
<INTERVAL_NUM>1</INTERVAL_NUM>
<INTERVAL_START_GMT>2018-08-19T07:00:00-00:00</INTERVAL_START_GMT>
<INTERVAL_END_GMT>2018-08-19T08:00:00-00:00</INTERVAL_END_GMT>
<VALUE>0</VALUE>
<TRADING_HUB>ZP26</TRADING_HUB>
<RENEWABLE_TYPE>Solar</RENEWABLE_TYPE>
</REPORT_DATA>
<REPORT_DATA>
<DATA_ITEM>RENEW_FCST_DA_MW</DATA_ITEM>
<OPR_DATE>2018-08-19</OPR_DATE>
<INTERVAL_NUM>24</INTERVAL_NUM>
<INTERVAL_START_GMT>2018-08-20T06:00:00-00:00</INTERVAL_START_GMT>
<INTERVAL_END_GMT>2018-08-20T07:00:00-00:00</INTERVAL_END_GMT>
<VALUE>0</VALUE>
<TRADING_HUB>ZP26</TRADING_HUB>
<RENEWABLE_TYPE>Solar</RENEWABLE_TYPE>
</REPORT_DATA>
<REPORT_DATA>
<DATA_ITEM>RENEW_FCST_DA_MW</DATA_ITEM>
<OPR_DATE>2018-08-19</OPR_DATE>
<INTERVAL_NUM>3</INTERVAL_NUM>
<INTERVAL_START_GMT>2018-08-19T09:00:00-00:00</INTERVAL_START_GMT>
<INTERVAL_END_GMT>2018-08-19T10:00:00-00:00</INTERVAL_END_GMT>
<VALUE>0</VALUE>
<TRADING_HUB>ZP26</TRADING_HUB>
<RENEWABLE_TYPE>Solar</RENEWABLE_TYPE>
</REPORT_DATA>
<REPORT_DATA>
<DATA_ITEM>RENEW_FCST_DA_MW</DATA_ITEM>
<OPR_DATE>2018-08-19</OPR_DATE>
<INTERVAL_NUM>4</INTERVAL_NUM>
<INTERVAL_START_GMT>2018-08-19T10:00:00-00:00</INTERVAL_START_GMT>
<INTERVAL_END_GMT>2018-08-19T11:00:00-00:00</INTERVAL_END_GMT>
<VALUE>0</VALUE>
<TRADING_HUB>ZP26</TRADING_HUB>
<RENEWABLE_TYPE>Solar</RENEWABLE_TYPE>
</REPORT_DATA>
<REPORT_DATA>
<DATA_ITEM>RENEW_FCST_DA_MW</DATA_ITEM>
<OPR_DATE>2018-08-19</OPR_DATE>
<INTERVAL_NUM>5</INTERVAL_NUM>
<INTERVAL_START_GMT>2018-08-19T11:00:00-00:00</INTERVAL_START_GMT>
<INTERVAL_END_GMT>2018-08-19T12:00:00-00:00</INTERVAL_END_GMT>
<VALUE>0</VALUE>
<TRADING_HUB>ZP26</TRADING_HUB>
<RENEWABLE_TYPE>Solar</RENEWABLE_TYPE>
</REPORT_DATA>
<REPORT_DATA>
<DATA_ITEM>RENEW_FCST_DA_MW</DATA_ITEM>
<OPR_DATE>2018-08-19</OPR_DATE>
<INTERVAL_NUM>6</INTERVAL_NUM>
<INTERVAL_START_GMT>2018-08-19T12:00:00-00:00</INTERVAL_START_GMT>
<INTERVAL_END_GMT>2018-08-19T13:00:00-00:00</INTERVAL_END_GMT>
<VALUE>0</VALUE>
<TRADING_HUB>ZP26</TRADING_HUB>
<RENEWABLE_TYPE>Solar</RENEWABLE_TYPE>
</REPORT_DATA>
<REPORT_DATA>
<DATA_ITEM>RENEW_FCST_DA_MW</DATA_ITEM>
<OPR_DATE>2018-08-19</OPR_DATE>
<INTERVAL_NUM>7</INTERVAL_NUM>
<INTERVAL_START_GMT>2018-08-19T13:00:00-00:00</INTERVAL_START_GMT>
<INTERVAL_END_GMT>2018-08-19T14:00:00-00:00</INTERVAL_END_GMT>
<VALUE>22.6</VALUE>
<TRADING_HUB>ZP26</TRADING_HUB>
<RENEWABLE_TYPE>Solar</RENEWABLE_TYPE>
</REPORT_DATA>
<REPORT_DATA>
<DATA_ITEM>RENEW_FCST_DA_MW</DATA_ITEM>
<OPR_DATE>2018-08-19</OPR_DATE>
<INTERVAL_NUM>8</INTERVAL_NUM>
<INTERVAL_START_GMT>2018-08-19T14:00:00-00:00</INTERVAL_START_GMT>
<INTERVAL_END_GMT>2018-08-19T15:00:00-00:00</INTERVAL_END_GMT>
<VALUE>383.03</VALUE>
<TRADING_HUB>ZP26</TRADING_HUB>
<RENEWABLE_TYPE>Solar</RENEWABLE_TYPE>
</REPORT_DATA>
<REPORT_DATA>
<DATA_ITEM>RENEW_FCST_DA_MW</DATA_ITEM>
<OPR_DATE>2018-08-19</OPR_DATE>
<INTERVAL_NUM>9</INTERVAL_NUM>
<INTERVAL_START_GMT>2018-08-19T15:00:00-00:00</INTERVAL_START_GMT>
<INTERVAL_END_GMT>2018-08-19T16:00:00-00:00</INTERVAL_END_GMT>
<VALUE>1007.85</VALUE>
<TRADING_HUB>ZP26</TRADING_HUB>
<RENEWABLE_TYPE>Solar</RENEWABLE_TYPE>
</REPORT_DATA>
<REPORT_DATA>
<DATA_ITEM>RENEW_FCST_DA_MW</DATA_ITEM>
<OPR_DATE>2018-08-19</OPR_DATE>
<INTERVAL_NUM>10</INTERVAL_NUM>
<INTERVAL_START_GMT>2018-08-19T16:00:00-00:00</INTERVAL_START_GMT>
<INTERVAL_END_GMT>2018-08-19T17:00:00-00:00</INTERVAL_END_GMT>
<VALUE>1334.94</VALUE>
<TRADING_HUB>ZP26</TRADING_HUB>
<RENEWABLE_TYPE>Solar</RENEWABLE_TYPE>
</REPORT_DATA>
<REPORT_DATA>
<DATA_ITEM>RENEW_FCST_DA_MW</DATA_ITEM>
<OPR_DATE>2018-08-19</OPR_DATE>
<INTERVAL_NUM>11</INTERVAL_NUM>
<INTERVAL_START_GMT>2018-08-19T17:00:00-00:00</INTERVAL_START_GMT>
<INTERVAL_END_GMT>2018-08-19T18:00:00-00:00</INTERVAL_END_GMT>
<VALUE>1514.45</VALUE>
<TRADING_HUB>ZP26</TRADING_HUB>
<RENEWABLE_TYPE>Solar</RENEWABLE_TYPE>
</REPORT_DATA>
<REPORT_DATA>
<DATA_ITEM>RENEW_FCST_DA_MW</DATA_ITEM>
<OPR_DATE>2018-08-19</OPR_DATE>
<INTERVAL_NUM>12</INTERVAL_NUM>
<INTERVAL_START_GMT>2018-08-19T18:00:00-00:00</INTERVAL_START_GMT>
<INTERVAL_END_GMT>2018-08-19T19:00:00-00:00</INTERVAL_END_GMT>
<VALUE>1579.94</VALUE>
<TRADING_HUB>ZP26</TRADING_HUB>
<RENEWABLE_TYPE>Solar</RENEWABLE_TYPE>
</REPORT_DATA>
<REPORT_DATA>
<DATA_ITEM>RENEW_FCST_DA_MW</DATA_ITEM>
<OPR_DATE>2018-08-19</OPR_DATE>
<INTERVAL_NUM>13</INTERVAL_NUM>
<INTERVAL_START_GMT>2018-08-19T19:00:00-00:00</INTERVAL_START_GMT>
<INTERVAL_END_GMT>2018-08-19T20:00:00-00:00</INTERVAL_END_GMT>
<VALUE>1579.25</VALUE>
<TRADING_HUB>ZP26</TRADING_HUB>
<RENEWABLE_TYPE>Solar</RENEWABLE_TYPE>
</REPORT_DATA>
<REPORT_DATA>
<DATA_ITEM>RENEW_FCST_DA_MW</DATA_ITEM>
<OPR_DATE>2018-08-19</OPR_DATE>
<INTERVAL_NUM>14</INTERVAL_NUM>
<INTERVAL_START_GMT>2018-08-19T20:00:00-00:00</INTERVAL_START_GMT>
<INTERVAL_END_GMT>2018-08-19T21:00:00-00:00</INTERVAL_END_GMT>
<VALUE>1578.89</VALUE>
<TRADING_HUB>ZP26</TRADING_HUB>
<RENEWABLE_TYPE>Solar</RENEWABLE_TYPE>
</REPORT_DATA>
<REPORT_DATA>
<DATA_ITEM>RENEW_FCST_DA_MW</DATA_ITEM>
<OPR_DATE>2018-08-19</OPR_DATE>
<INTERVAL_NUM>15</INTERVAL_NUM>
<INTERVAL_START_GMT>2018-08-19T21:00:00-00:00</INTERVAL_START_GMT>
<INTERVAL_END_GMT>2018-08-19T22:00:00-00:00</INTERVAL_END_GMT>
<VALUE>1570.93</VALUE>
<TRADING_HUB>ZP26</TRADING_HUB>
<RENEWABLE_TYPE>Solar</RENEWABLE_TYPE>
</REPORT_DATA>
<REPORT_DATA>
<DATA_ITEM>RENEW_FCST_DA_MW</DATA_ITEM>
<OPR_DATE>2018-08-19</OPR_DATE>
<INTERVAL_NUM>16</INTERVAL_NUM>
<INTERVAL_START_GMT>2018-08-19T22:00:00-00:00</INTERVAL_START_GMT>
<INTERVAL_END_GMT>2018-08-19T23:00:00-00:00</INTERVAL_END_GMT>
<VALUE>1520.51</VALUE>
<TRADING_HUB>ZP26</TRADING_HUB>
<RENEWABLE_TYPE>Solar</RENEWABLE_TYPE>
</REPORT_DATA>
<REPORT_DATA>
<DATA_ITEM>RENEW_FCST_DA_MW</DATA_ITEM>
<OPR_DATE>2018-08-19</OPR_DATE>
<INTERVAL_NUM>17</INTERVAL_NUM>
<INTERVAL_START_GMT>2018-08-19T23:00:00-00:00</INTERVAL_START_GMT>
<INTERVAL_END_GMT>2018-08-20T00:00:00-00:00</INTERVAL_END_GMT>
<VALUE>1348.49</VALUE>
<TRADING_HUB>ZP26</TRADING_HUB>
<RENEWABLE_TYPE>Solar</RENEWABLE_TYPE>
</REPORT_DATA>
<REPORT_DATA>
<DATA_ITEM>RENEW_FCST_DA_MW</DATA_ITEM>
<OPR_DATE>2018-08-19</OPR_DATE>
<INTERVAL_NUM>18</INTERVAL_NUM>
<INTERVAL_START_GMT>2018-08-20T00:00:00-00:00</INTERVAL_START_GMT>
<INTERVAL_END_GMT>2018-08-20T01:00:00-00:00</INTERVAL_END_GMT>
<VALUE>1023.96</VALUE>
<TRADING_HUB>ZP26</TRADING_HUB>
<RENEWABLE_TYPE>Solar</RENEWABLE_TYPE>
</REPORT_DATA>
<REPORT_DATA>
<DATA_ITEM>RENEW_FCST_DA_MW</DATA_ITEM>
<OPR_DATE>2018-08-19</OPR_DATE>
<INTERVAL_NUM>19</INTERVAL_NUM>
<INTERVAL_START_GMT>2018-08-20T01:00:00-00:00</INTERVAL_START_GMT>
<INTERVAL_END_GMT>2018-08-20T02:00:00-00:00</INTERVAL_END_GMT>
<VALUE>401.37</VALUE>
<TRADING_HUB>ZP26</TRADING_HUB>
<RENEWABLE_TYPE>Solar</RENEWABLE_TYPE>
</REPORT_DATA>
<REPORT_DATA>
<DATA_ITEM>RENEW_FCST_DA_MW</DATA_ITEM>
<OPR_DATE>2018-08-19</OPR_DATE>
<INTERVAL_NUM>20</INTERVAL_NUM>
<INTERVAL_START_GMT>2018-08-20T02:00:00-00:00</INTERVAL_START_GMT>
<INTERVAL_END_GMT>2018-08-20T03:00:00-00:00</INTERVAL_END_GMT>
<VALUE>31.99</VALUE>
<TRADING_HUB>ZP26</TRADING_HUB>
<RENEWABLE_TYPE>Solar</RENEWABLE_TYPE>
</REPORT_DATA>
<REPORT_DATA>
<DATA_ITEM>RENEW_FCST_DA_MW</DATA_ITEM>
<OPR_DATE>2018-08-19</OPR_DATE>
<INTERVAL_NUM>21</INTERVAL_NUM>
<INTERVAL_START_GMT>2018-08-20T03:00:00-00:00</INTERVAL_START_GMT>
<INTERVAL_END_GMT>2018-08-20T04:00:00-00:00</INTERVAL_END_GMT>
<VALUE>0</VALUE>
<TRADING_HUB>ZP26</TRADING_HUB>
<RENEWABLE_TYPE>Solar</RENEWABLE_TYPE>
</REPORT_DATA>
<REPORT_DATA>
<DATA_ITEM>RENEW_FCST_DA_MW</DATA_ITEM>
<OPR_DATE>2018-08-19</OPR_DATE>
<INTERVAL_NUM>22</INTERVAL_NUM>
<INTERVAL_START_GMT>2018-08-20T04:00:00-00:00</INTERVAL_START_GMT>
<INTERVAL_END_GMT>2018-08-20T05:00:00-00:00</INTERVAL_END_GMT>
<VALUE>0</VALUE>
<TRADING_HUB>ZP26</TRADING_HUB>
<RENEWABLE_TYPE>Solar</RENEWABLE_TYPE>
</REPORT_DATA>
<REPORT_DATA>
<DATA_ITEM>RENEW_FCST_DA_MW</DATA_ITEM>
<OPR_DATE>2018-08-19</OPR_DATE>
<INTERVAL_NUM>23</INTERVAL_NUM>
<INTERVAL_START_GMT>2018-08-20T05:00:00-00:00</INTERVAL_START_GMT>
<INTERVAL_END_GMT>2018-08-20T06:00:00-00:00</INTERVAL_END_GMT>
<VALUE>0</VALUE>
<TRADING_HUB>ZP26</TRADING_HUB>
<RENEWABLE_TYPE>Solar</RENEWABLE_TYPE>
</REPORT_DATA>
<REPORT_DATA>
<DATA_ITEM>RENEW_FCST_DA_MW</DATA_ITEM>
<OPR_DATE>2018-08-19</OPR_DATE>
<INTERVAL_NUM>2</INTERVAL_NUM>
<INTERVAL_START_GMT>2018-08-19T08:00:00-00:00</INTERVAL_START_GMT>
<INTERVAL_END_GMT>2018-08-19T09:00:00-00:00</INTERVAL_END_GMT>
<VALUE>0</VALUE>
<TRADING_HUB>ZP26</TRADING_HUB>
<RENEWABLE_TYPE>Solar</RENEWABLE_TYPE>
</REPORT_DATA>
</REPORT_ITEM>
<DISCLAIMER_ITEM>
<DISCLAIMER>The contents of these pages are subject to change without notice.  Decisions based on information contained within the California ISO's web site are the visitor's sole responsibility.</DISCLAIMER>
</DISCLAIMER_ITEM>
</RTO>
</MessagePayload>
</OASISReport>
