<?xml version="1.0" encoding="UTF-8"?>
<OASISReport xmlns="http://www.caiso.com/soa/OASISReport_v1.xsd">
<MessageHeader>
<TimeDate>2018-09-20T14:42:50-00:00</TimeDate>
<Source>OASIS</Source>
<Version>v20131201</Version>
</MessageHeader>
<MessagePayload>
<RTO>
<name>CAISO</name>
<REPORT_ITEM>
<REPORT_HEADER>
<SYSTEM>OASIS</SYSTEM>
<TZ>PPT</TZ>
<REPORT>PRC_INTVL_LMP</REPORT>
<MKT_TYPE>RTM</MKT_TYPE>
<UOM>US$/MWh</UOM>
<INTERVAL>BEGINNING</INTERVAL>
<SEC_PER_INTERVAL>300</SEC_PER_INTERVAL>
</REPORT_HEADER>
<REPORT_DATA>
<DATA_ITEM>LMP_CONG_PRC</DATA_ITEM>
<RESOURCE_NAME>LAPLMG1_7_B2</RESOURCE_NAME>
<OPR_DATE>2018-09-19</OPR_DATE>
<INTERVAL_NUM>224</INTERVAL_NUM>
<INTERVAL_START_GMT>2018-09-20T01:35:00-00:00</INTERVAL_START_GMT>
<INTERVAL_END_GMT>2018-09-20T01:40:00-00:00</INTERVAL_END_GMT>
<VALUE>0.21427</VALUE>
</REPORT_DATA>
<REPORT_DATA>
<DATA_ITEM>LMP_CONG_PRC</DATA_ITEM>
<RESOURCE_NAME>LAPLMG1_7_B2</RESOURCE_NAME>
<OPR_DATE>2018-09-19</OPR_DATE>
<INTERVAL_NUM>225</INTERVAL_NUM>
<INTERVAL_START_GMT>2018-09-20T01:40:00-00:00</INTERVAL_START_GMT>
<INTERVAL_END_GMT>2018-09-20T01:45:00-00:00</INTERVAL_END_GMT>
<VALUE>0.23662</VALUE>
</REPORT_DATA>
<REPORT_DATA>
<DATA_ITEM>LMP_CONG_PRC</DATA_ITEM>
<RESOURCE_NAME>LAPLMG1_7_B2</RESOURCE_NAME>
<OPR_DATE>2018-09-19</OPR_DATE>
<INTERVAL_NUM>226</INTERVAL_NUM>
<INTERVAL_START_GMT>2018-09-20T01:45:00-00:00</INTERVAL_START_GMT>
<INTERVAL_END_GMT>2018-09-20T01:50:00-00:00</INTERVAL_END_GMT>
<VALUE>0</VALUE>
</REPORT_DATA>
<REPORT_DATA>
<DATA_ITEM>LMP_CONG_PRC</DATA_ITEM>
<RESOURCE_NAME>LAPLMG1_7_B2</RESOURCE_NAME>
<OPR_DATE>2018-09-19</OPR_DATE>
<INTERVAL_NUM>227</INTERVAL_NUM>
<INTERVAL_START_GMT>2018-09-20T01:50:00-00:00</INTERVAL_START_GMT>
<INTERVAL_END_GMT>2018-09-20T01:55:00-00:00</INTERVAL_END_GMT>
<VALUE>0</VALUE>
</REPORT_DATA>
<REPORT_DATA>
<DATA_ITEM>LMP_CONG_PRC</DATA_ITEM>
<RESOURCE_NAME>LAPLMG1_7_B2</RESOURCE_NAME>
<OPR_DATE>2018-09-19</OPR_DATE>
<INTERVAL_NUM>228</INTERVAL_NUM>
<INTERVAL_START_GMT>2018-09-20T01:55:00-00:00</INTERVAL_START_GMT>
<INTERVAL_END_GMT>2018-09-20T02:00:00-00:00</INTERVAL_END_GMT>
<VALUE>0</VALUE>
</REPORT_DATA>
<REPORT_DATA>
<DATA_ITEM>LMP_CONG_PRC</DATA_ITEM>
<RESOURCE_NAME>LAPLMG1_7_B2</RESOURCE_NAME>
<OPR_DATE>2018-09-19</OPR_DATE>
<INTERVAL_NUM>229</INTERVAL_NUM>
<INTERVAL_START_GMT>2018-09-20T02:00:00-00:00</INTERVAL_START_GMT>
<INTERVAL_END_GMT>2018-09-20T02:05:00-00:00</INTERVAL_END_GMT>
<VALUE>0</VALUE>
</REPORT_DATA>
<REPORT_DATA>
<DATA_ITEM>LMP_CONG_PRC</DATA_ITEM>
<RESOURCE_NAME>LAPLMG1_7_B2</RESOURCE_NAME>
<OPR_DATE>2018-09-19</OPR_DATE>
<INTERVAL_NUM>230</INTERVAL_NUM>
<INTERVAL_START_GMT>2018-09-20T02:05:00-00:00</INTERVAL_START_GMT>
<INTERVAL_END_GMT>2018-09-20T02:10:00-00:00</INTERVAL_END_GMT>
<VALUE>0</VALUE>
</REPORT_DATA>
<REPORT_DATA>
<DATA_ITEM>LMP_CONG_PRC</DATA_ITEM>
<RESOURCE_NAME>LAPLMG1_7_B2</RESOURCE_NAME>
<OPR_DATE>2018-09-19</OPR_DATE>
<INTERVAL_NUM>231</INTERVAL_NUM>
<INTERVAL_START_GMT>2018-09-20T02:10:00-00:00</INTERVAL_START_GMT>
<INTERVAL_END_GMT>2018-09-20T02:15:00-00:00</INTERVAL_END_GMT>
<VALUE>0</VALUE>
</REPORT_DATA>
<REPORT_DATA>
<DATA_ITEM>LMP_CONG_PRC</DATA_ITEM>
<RESOURCE_NAME>LAPLMG1_7_B2</RESOURCE_NAME>
<OPR_DATE>2018-09-19</OPR_DATE>
<INTERVAL_NUM>232</INTERVAL_NUM>
<INTERVAL_START_GMT>2018-09-20T02:15:00-00:00</INTERVAL_START_GMT>
<INTERVAL_END_GMT>2018-09-20T02:20:00-00:00</INTERVAL_END_GMT>
<VALUE>0</VALUE>
</REPORT_DATA>
<REPORT_DATA>
<DATA_ITEM>LMP_CONG_PRC</DATA_ITEM>
<RESOURCE_NAME>LAPLMG1_7_B2</RESOURCE_NAME>
<OPR_DATE>2018-09-19</OPR_DATE>
<INTERVAL_NUM>233</INTERVAL_NUM>
<INTERVAL_START_GMT>2018-09-20T02:20:00-00:00</INTERVAL_START_GMT>
<INTERVAL_END_GMT>2018-09-20T02:25:00-00:00</INTERVAL_END_GMT>
<VALUE>0</VALUE>
</REPORT_DATA>
<REPORT_DATA>
<DATA_ITEM>LMP_CONG_PRC</DATA_ITEM>
<RESOURCE_NAME>LAPLMG1_7_B2</RESOURCE_NAME>
<OPR_DATE>2018-09-19</OPR_DATE>
<INTERVAL_NUM>234</INTERVAL_NUM>
<INTERVAL_START_GMT>2018-09-20T02:25:00-00:00</INTERVAL_START_GMT>
<INTERVAL_END_GMT>2018-09-20T02:30:00-00:00</INTERVAL_END_GMT>
<VALUE>0</VALUE>
</REPORT_DATA>
<REPORT_DATA>
<DATA_ITEM>LMP_CONG_PRC</DATA_ITEM>
<RESOURCE_NAME>LAPLMG1_7_B2</RESOURCE_NAME>
<OPR_DATE>2018-09-19</OPR_DATE>
<INTERVAL_NUM>235</INTERVAL_NUM>
<INTERVAL_START_GMT>2018-09-20T02:30:00-00:00</INTERVAL_START_GMT>
<INTERVAL_END_GMT>2018-09-20T02:35:00-00:00</INTERVAL_END_GMT>
<VALUE>0</VALUE>
</REPORT_DATA>
</REPORT_ITEM>
<REPORT_ITEM>
<REPORT_HEADER>
<SYSTEM>OASIS</SYSTEM>
<TZ>PPT</TZ>
<REPORT>PRC_INTVL_LMP</REPORT>
<MKT_TYPE>RTM</MKT_TYPE>
<UOM>US$/MWh</UOM>
<INTERVAL>BEGINNING</INTERVAL>
<SEC_PER_INTERVAL>300</SEC_PER_INTERVAL>
</REPORT_HEADER>
<REPORT_DATA>
<DATA_ITEM>LMP_ENE_PRC</DATA_ITEM>
<RESOURCE_NAME>LAPLMG1_7_B2</RESOURCE_NAME>
<OPR_DATE>2018-09-19</OPR_DATE>
<INTERVAL_NUM>224</INTERVAL_NUM>
<INTERVAL_START_GMT>2018-09-20T01:35:00-00:00</INTERVAL_START_GMT>
<INTERVAL_END_GMT>2018-09-20T01:40:00-00:00</INTERVAL_END_GMT>
<VALUE>29.08319</VALUE>
</REPORT_DATA>
<REPORT_DATA>
<DATA_ITEM>LMP_ENE_PRC</DATA_ITEM>
<RESOURCE_NAME>LAPLMG1_7_B2</RESOURCE_NAME>
<OPR_DATE>2018-09-19</OPR_DATE>
<INTERVAL_NUM>225</INTERVAL_NUM>
<INTERVAL_START_GMT>2018-09-20T01:40:00-00:00</INTERVAL_START_GMT>
<INTERVAL_END_GMT>2018-09-20T01:45:00-00:00</INTERVAL_END_GMT>
<VALUE>29.08319</VALUE>
</REPORT_DATA>
<REPORT_DATA>
<DATA_ITEM>LMP_ENE_PRC</DATA_ITEM>
<RESOURCE_NAME>LAPLMG1_7_B2</RESOURCE_NAME>
<OPR_DATE>2018-09-19</OPR_DATE>
<INTERVAL_NUM>226</INTERVAL_NUM>
<INTERVAL_START_GMT>2018-09-20T01:45:00-00:00</INTERVAL_START_GMT>
<INTERVAL_END_GMT>2018-09-20T01:50:00-00:00</INTERVAL_END_GMT>
<VALUE>27.44089</VALUE>
</REPORT_DATA>
<REPORT_DATA>
<DATA_ITEM>LMP_ENE_PRC</DATA_ITEM>
<RESOURCE_NAME>LAPLMG1_7_B2</RESOURCE_NAME>
<OPR_DATE>2018-09-19</OPR_DATE>
<INTERVAL_NUM>227</INTERVAL_NUM>
<INTERVAL_START_GMT>2018-09-20T01:50:00-00:00</INTERVAL_START_GMT>
<INTERVAL_END_GMT>2018-09-20T01:55:00-00:00</INTERVAL_END_GMT>
<VALUE>27.98333</VALUE>
</REPORT_DATA>
<REPORT_DATA>
<DATA_ITEM>LMP_ENE_PRC</DATA_ITEM>
<RESOURCE_NAME>LAPLMG1_7_B2</RESOURCE_NAME>
<OPR_DATE>2018-09-19</OPR_DATE>
<INTERVAL_NUM>228</INTERVAL_NUM>
<INTERVAL_START_GMT>2018-09-20T01:55:00-00:00</INTERVAL_START_GMT>
<INTERVAL_END_GMT>2018-09-20T02:00:00-00:00</INTERVAL_END_GMT>
<VALUE>28.84154</VALUE>
</REPORT_DATA>
<REPORT_DATA>
<DATA_ITEM>LMP_ENE_PRC</DATA_ITEM>
<RESOURCE_NAME>LAPLMG1_7_B2</RESOURCE_NAME>
<OPR_DATE>2018-09-19</OPR_DATE>
<INTERVAL_NUM>229</INTERVAL_NUM>
<INTERVAL_START_GMT>2018-09-20T02:00:00-00:00</INTERVAL_START_GMT>
<INTERVAL_END_GMT>2018-09-20T02:05:00-00:00</INTERVAL_END_GMT>
<VALUE>29.15801</VALUE>
</REPORT_DATA>
<REPORT_DATA>
<DATA_ITEM>LMP_ENE_PRC</DATA_ITEM>
<RESOURCE_NAME>LAPLMG1_7_B2</RESOURCE_NAME>
<OPR_DATE>2018-09-19</OPR_DATE>
<INTERVAL_NUM>230</INTERVAL_NUM>
<INTERVAL_START_GMT>2018-09-20T02:05:00-00:00</INTERVAL_START_GMT>
<INTERVAL_END_GMT>2018-09-20T02:10:00-00:00</INTERVAL_END_GMT>
<VALUE>27.50785</VALUE>
</REPORT_DATA>
<REPORT_DATA>
<DATA_ITEM>LMP_ENE_PRC</DATA_ITEM>
<RESOURCE_NAME>LAPLMG1_7_B2</RESOURCE_NAME>
<OPR_DATE>2018-09-19</OPR_DATE>
<INTERVAL_NUM>231</INTERVAL_NUM>
<INTERVAL_START_GMT>2018-09-20T02:10:00-00:00</INTERVAL_START_GMT>
<INTERVAL_END_GMT>2018-09-20T02:15:00-00:00</INTERVAL_END_GMT>
<VALUE>27.35043</VALUE>
</REPORT_DATA>
<REPORT_DATA>
<DATA_ITEM>LMP_ENE_PRC</DATA_ITEM>
<RESOURCE_NAME>LAPLMG1_7_B2</RESOURCE_NAME>
<OPR_DATE>2018-09-19</OPR_DATE>
<INTERVAL_NUM>232</INTERVAL_NUM>
<INTERVAL_START_GMT>2018-09-20T02:15:00-00:00</INTERVAL_START_GMT>
<INTERVAL_END_GMT>2018-09-20T02:20:00-00:00</INTERVAL_END_GMT>
<VALUE>29.13173</VALUE>
</REPORT_DATA>
<REPORT_DATA>
<DATA_ITEM>LMP_ENE_PRC</DATA_ITEM>
<RESOURCE_NAME>LAPLMG1_7_B2</RESOURCE_NAME>
<OPR_DATE>2018-09-19</OPR_DATE>
<INTERVAL_NUM>233</INTERVAL_NUM>
<INTERVAL_START_GMT>2018-09-20T02:20:00-00:00</INTERVAL_START_GMT>
<INTERVAL_END_GMT>2018-09-20T02:25:00-00:00</INTERVAL_END_GMT>
<VALUE>27.62843</VALUE>
</REPORT_DATA>
<REPORT_DATA>
<DATA_ITEM>LMP_ENE_PRC</DATA_ITEM>
<RESOURCE_NAME>LAPLMG1_7_B2</RESOURCE_NAME>
<OPR_DATE>2018-09-19</OPR_DATE>
<INTERVAL_NUM>234</INTERVAL_NUM>
<INTERVAL_START_GMT>2018-09-20T02:25:00-00:00</INTERVAL_START_GMT>
<INTERVAL_END_GMT>2018-09-20T02:30:00-00:00</INTERVAL_END_GMT>
<VALUE>27.32042</VALUE>
</REPORT_DATA>
<REPORT_DATA>
<DATA_ITEM>LMP_ENE_PRC</DATA_ITEM>
<RESOURCE_NAME>LAPLMG1_7_B2</RESOURCE_NAME>
<OPR_DATE>2018-09-19</OPR_DATE>
<INTERVAL_NUM>235</INTERVAL_NUM>
<INTERVAL_START_GMT>2018-09-20T02:30:00-00:00</INTERVAL_START_GMT>
<INTERVAL_END_GMT>2018-09-20T02:35:00-00:00</INTERVAL_END_GMT>
<VALUE>27.61744</VALUE>
</REPORT_DATA>
</REPORT_ITEM>
<REPORT_ITEM>
<REPORT_HEADER>
<SYSTEM>OASIS</SYSTEM>
<TZ>PPT</TZ>
<REPORT>PRC_INTVL_LMP</REPORT>
<MKT_TYPE>RTM</MKT_TYPE>
<UOM>US$/MWh</UOM>
<INTERVAL>BEGINNING</INTERVAL>
<SEC_PER_INTERVAL>300</SEC_PER_INTERVAL>
</REPORT_HEADER>
<REPORT_DATA>
<DATA_ITEM>LMP_LOSS_PRC</DATA_ITEM>
<RESOURCE_NAME>LAPLMG1_7_B2</RESOURCE_NAME>
<OPR_DATE>2018-09-19</OPR_DATE>
<INTERVAL_NUM>224</INTERVAL_NUM>
<INTERVAL_START_GMT>2018-09-20T01:35:00-00:00</INTERVAL_START_GMT>
<INTERVAL_END_GMT>2018-09-20T01:40:00-00:00</INTERVAL_END_GMT>
<VALUE>-0.0349</VALUE>
</REPORT_DATA>
<REPORT_DATA>
<DATA_ITEM>LMP_LOSS_PRC</DATA_ITEM>
<RESOURCE_NAME>LAPLMG1_7_B2</RESOURCE_NAME>
<OPR_DATE>2018-09-19</OPR_DATE>
<INTERVAL_NUM>225</INTERVAL_NUM>
<INTERVAL_START_GMT>2018-09-20T01:40:00-00:00</INTERVAL_START_GMT>
<INTERVAL_END_GMT>2018-09-20T01:45:00-00:00</INTERVAL_END_GMT>
<VALUE>-0.0349</VALUE>
</REPORT_DATA>
<REPORT_DATA>
<DATA_ITEM>LMP_LOSS_PRC</DATA_ITEM>
<RESOURCE_NAME>LAPLMG1_7_B2</RESOURCE_NAME>
<OPR_DATE>2018-09-19</OPR_DATE>
<INTERVAL_NUM>226</INTERVAL_NUM>
<INTERVAL_START_GMT>2018-09-20T01:45:00-00:00</INTERVAL_START_GMT>
<INTERVAL_END_GMT>2018-09-20T01:50:00-00:00</INTERVAL_END_GMT>
<VALUE>-0.03842</VALUE>
</REPORT_DATA>
<REPORT_DATA>
<DATA_ITEM>LMP_LOSS_PRC</DATA_ITEM>
<RESOURCE_NAME>LAPLMG1_7_B2</RESOURCE_NAME>
<OPR_DATE>2018-09-19</OPR_DATE>
<INTERVAL_NUM>227</INTERVAL_NUM>
<INTERVAL_START_GMT>2018-09-20T01:50:00-00:00</INTERVAL_START_GMT>
<INTERVAL_END_GMT>2018-09-20T01:55:00-00:00</INTERVAL_END_GMT>
<VALUE>-0.03918</VALUE>
</REPORT_DATA>
<REPORT_DATA>
<DATA_ITEM>LMP_LOSS_PRC</DATA_ITEM>
<RESOURCE_NAME>LAPLMG1_7_B2</RESOURCE_NAME>
<OPR_DATE>2018-09-19</OPR_DATE>
<INTERVAL_NUM>228</INTERVAL_NUM>
<INTERVAL_START_GMT>2018-09-20T01:55:00-00:00</INTERVAL_START_GMT>
<INTERVAL_END_GMT>2018-09-20T02:00:00-00:00</INTERVAL_END_GMT>
<VALUE>-0.04038</VALUE>
</REPORT_DATA>
<REPORT_DATA>
<DATA_ITEM>LMP_LOSS_PRC</DATA_ITEM>
<RESOURCE_NAME>LAPLMG1_7_B2</RESOURCE_NAME>
<OPR_DATE>2018-09-19</OPR_DATE>
<INTERVAL_NUM>229</INTERVAL_NUM>
<INTERVAL_START_GMT>2018-09-20T02:00:00-00:00</INTERVAL_START_GMT>
<INTERVAL_END_GMT>2018-09-20T02:05:00-00:00</INTERVAL_END_GMT>
<VALUE>-0.04082</VALUE>
</REPORT_DATA>
<REPORT_DATA>
<DATA_ITEM>LMP_LOSS_PRC</DATA_ITEM>
<RESOURCE_NAME>LAPLMG1_7_B2</RESOURCE_NAME>
<OPR_DATE>2018-09-19</OPR_DATE>
<INTERVAL_NUM>230</INTERVAL_NUM>
<INTERVAL_START_GMT>2018-09-20T02:05:00-00:00</INTERVAL_START_GMT>
<INTERVAL_END_GMT>2018-09-20T02:10:00-00:00</INTERVAL_END_GMT>
<VALUE>-0.03851</VALUE>
</REPORT_DATA>
<REPORT_DATA>
<DATA_ITEM>LMP_LOSS_PRC</DATA_ITEM>
<RESOURCE_NAME>LAPLMG1_7_B2</RESOURCE_NAME>
<OPR_DATE>2018-09-19</OPR_DATE>
<INTERVAL_NUM>231</INTERVAL_NUM>
<INTERVAL_START_GMT>2018-09-20T02:10:00-00:00</INTERVAL_START_GMT>
<INTERVAL_END_GMT>2018-09-20T02:15:00-00:00</INTERVAL_END_GMT>
<VALUE>-0.03829</VALUE>
</REPORT_DATA>
<REPORT_DATA>
<DATA_ITEM>LMP_LOSS_PRC</DATA_ITEM>
<RESOURCE_NAME>LAPLMG1_7_B2</RESOURCE_NAME>
<OPR_DATE>2018-09-19</OPR_DATE>
<INTERVAL_NUM>232</INTERVAL_NUM>
<INTERVAL_START_GMT>2018-09-20T02:15:00-00:00</INTERVAL_START_GMT>
<INTERVAL_END_GMT>2018-09-20T02:20:00-00:00</INTERVAL_END_GMT>
<VALUE>-0.02039</VALUE>
</REPORT_DATA>
<REPORT_DATA>
<DATA_ITEM>LMP_LOSS_PRC</DATA_ITEM>
<RESOURCE_NAME>LAPLMG1_7_B2</RESOURCE_NAME>
<OPR_DATE>2018-09-19</OPR_DATE>
<INTERVAL_NUM>233</INTERVAL_NUM>
<INTERVAL_START_GMT>2018-09-20T02:20:00-00:00</INTERVAL_START_GMT>
<INTERVAL_END_GMT>2018-09-20T02:25:00-00:00</INTERVAL_END_GMT>
<VALUE>-0.01934</VALUE>
</REPORT_DATA>
<REPORT_DATA>
<DATA_ITEM>LMP_LOSS_PRC</DATA_ITEM>
<RESOURCE_NAME>LAPLMG1_7_B2</RESOURCE_NAME>
<OPR_DATE>2018-09-19</OPR_DATE>
<INTERVAL_NUM>234</INTERVAL_NUM>
<INTERVAL_START_GMT>2018-09-20T02:25:00-00:00</INTERVAL_START_GMT>
<INTERVAL_END_GMT>2018-09-20T02:30:00-00:00</INTERVAL_END_GMT>
<VALUE>-0.01912</VALUE>
</REPORT_DATA>
<REPORT_DATA>
<DATA_ITEM>LMP_LOSS_PRC</DATA_ITEM>
<RESOURCE_NAME>LAPLMG1_7_B2</RESOURCE_NAME>
<OPR_DATE>2018-09-19</OPR_DATE>
<INTERVAL_NUM>235</INTERVAL_NUM>
<INTERVAL_START_GMT>2018-09-20T02:30:00-00:00</INTERVAL_START_GMT>
<INTERVAL_END_GMT>2018-09-20T02:35:00-00:00</INTERVAL_END_GMT>
<VALUE>0.01105</VALUE>
</REPORT_DATA>
</REPORT_ITEM>
<REPORT_ITEM>
<REPORT_HEADER>
<SYSTEM>OASIS</SYSTEM>
<TZ>PPT</TZ>
<REPORT>PRC_INTVL_LMP</REPORT>
<MKT_TYPE>RTM</MKT_TYPE>
<UOM>US$/MWh</UOM>
<INTERVAL>BEGINNING</INTERVAL>
<SEC_PER_INTERVAL>300</SEC_PER_INTERVAL>
</REPORT_HEADER>
<REPORT_DATA>
<DATA_ITEM>LMP_PRC</DATA_ITEM>
<RESOURCE_NAME>LAPLMG1_7_B2</RESOURCE_NAME>
<OPR_DATE>2018-09-19</OPR_DATE>
<INTERVAL_NUM>224</INTERVAL_NUM>
<INTERVAL_START_GMT>2018-09-20T01:35:00-00:00</INTERVAL_START_GMT>
<INTERVAL_END_GMT>2018-09-20T01:40:00-00:00</INTERVAL_END_GMT>
<VALUE>29.26256</VALUE>
</REPORT_DATA>
<REPORT_DATA>
<DATA_ITEM>LMP_PRC</DATA_ITEM>
<RESOURCE_NAME>LAPLMG1_7_B2</RESOURCE_NAME>
<OPR_DATE>2018-09-19</OPR_DATE>
<INTERVAL_NUM>225</INTERVAL_NUM>
<INTERVAL_START_GMT>2018-09-20T01:40:00-00:00</INTERVAL_START_GMT>
<INTERVAL_END_GMT>2018-09-20T01:45:00-00:00</INTERVAL_END_GMT>
<VALUE>29.28491</VALUE>
</REPORT_DATA>
<REPORT_DATA>
<DATA_ITEM>LMP_PRC</DATA_ITEM>
<RESOURCE_NAME>LAPLMG1_7_B2</RESOURCE_NAME>
<OPR_DATE>2018-09-19</OPR_DATE>
<INTERVAL_NUM>226</INTERVAL_NUM>
<INTERVAL_START_GMT>2018-09-20T01:45:00-00:00</INTERVAL_START_GMT>
<INTERVAL_END_GMT>2018-09-20T01:50:00-00:00</INTERVAL_END_GMT>
<VALUE>27.40248</VALUE>
</REPORT_DATA>
<REPORT_DATA>
<DATA_ITEM>LMP_PRC</DATA_ITEM>
<RESOURCE_NAME>LAPLMG1_7_B2</RESOURCE_NAME>
<OPR_DATE>2018-09-19</OPR_DATE>
<INTERVAL_NUM>227</INTERVAL_NUM>
<INTERVAL_START_GMT>2018-09-20T01:50:00-00:00</INTERVAL_START_GMT>
<INTERVAL_END_GMT>2018-09-20T01:55:00-00:00</INTERVAL_END_GMT>
<VALUE>27.94416</VALUE>
</REPORT_DATA>
<REPORT_DATA>
<DATA_ITEM>LMP_PRC</DATA_ITEM>
<RESOURCE_NAME>LAPLMG1_7_B2</RESOURCE_NAME>
<OPR_DATE>2018-09-19</OPR_DATE>
<INTERVAL_NUM>228</INTERVAL_NUM>
<INTERVAL_START_GMT>2018-09-20T01:55:00-00:00</INTERVAL_START_GMT>
<INTERVAL_END_GMT>2018-09-20T02:00:00-00:00</INTERVAL_END_GMT>
<VALUE>28.80116</VALUE>
</REPORT_DATA>
<REPORT_DATA>
<DATA_ITEM>LMP_PRC</DATA_ITEM>
<RESOURCE_NAME>LAPLMG1_7_B2</RESOURCE_NAME>
<OPR_DATE>2018-09-19</OPR_DATE>
<INTERVAL_NUM>229</INTERVAL_NUM>
<INTERVAL_START_GMT>2018-09-20T02:00:00-00:00</INTERVAL_START_GMT>
<INTERVAL_END_GMT>2018-09-20T02:05:00-00:00</INTERVAL_END_GMT>
<VALUE>29.11719</VALUE>
</REPORT_DATA>
<REPORT_DATA>
<DATA_ITEM>LMP_PRC</DATA_ITEM>
<RESOURCE_NAME>LAPLMG1_7_B2</RESOURCE_NAME>
<OPR_DATE>2018-09-19</OPR_DATE>
<INTERVAL_NUM>230</INTERVAL_NUM>
<INTERVAL_START_GMT>2018-09-20T02:05:00-00:00</INTERVAL_START_GMT>
<INTERVAL_END_GMT>2018-09-20T02:10:00-00:00</INTERVAL_END_GMT>
<VALUE>27.46933</VALUE>
</REPORT_DATA>
<REPORT_DATA>
<DATA_ITEM>LMP_PRC</DATA_ITEM>
<RESOURCE_NAME>LAPLMG1_7_B2</RESOURCE_NAME>
<OPR_DATE>2018-09-19</OPR_DATE>
<INTERVAL_NUM>231</INTERVAL_NUM>
<INTERVAL_START_GMT>2018-09-20T02:10:00-00:00</INTERVAL_START_GMT>
<INTERVAL_END_GMT>2018-09-20T02:15:00-00:00</INTERVAL_END_GMT>
<VALUE>27.31214</VALUE>
</REPORT_DATA>
<REPORT_DATA>
<DATA_ITEM>LMP_PRC</DATA_ITEM>
<RESOURCE_NAME>LAPLMG1_7_B2</RESOURCE_NAME>
<OPR_DATE>2018-09-19</OPR_DATE>
<INTERVAL_NUM>232</INTERVAL_NUM>
<INTERVAL_START_GMT>2018-09-20T02:15:00-00:00</INTERVAL_START_GMT>
<INTERVAL_END_GMT>2018-09-20T02:20:00-00:00</INTERVAL_END_GMT>
<VALUE>29.11134</VALUE>
</REPORT_DATA>
<REPORT_DATA>
<DATA_ITEM>LMP_PRC</DATA_ITEM>
<RESOURCE_NAME>LAPLMG1_7_B2</RESOURCE_NAME>
<OPR_DATE>2018-09-19</OPR_DATE>
<INTERVAL_NUM>233</INTERVAL_NUM>
<INTERVAL_START_GMT>2018-09-20T02:20:00-00:00</INTERVAL_START_GMT>
<INTERVAL_END_GMT>2018-09-20T02:25:00-00:00</INTERVAL_END_GMT>
<VALUE>27.60909</VALUE>
</REPORT_DATA>
<REPORT_DATA>
<DATA_ITEM>LMP_PRC</DATA_ITEM>
<RESOURCE_NAME>LAPLMG1_7_B2</RESOURCE_NAME>
<OPR_DATE>2018-09-19</OPR_DATE>
<INTERVAL_NUM>234</INTERVAL_NUM>
<INTERVAL_START_GMT>2018-09-20T02:25:00-00:00</INTERVAL_START_GMT>
<INTERVAL_END_GMT>2018-09-20T02:30:00-00:00</INTERVAL_END_GMT>
<VALUE>27.3013</VALUE>
</REPORT_DATA>
<REPORT_DATA>
<DATA_ITEM>LMP_PRC</DATA_ITEM>
<RESOURCE_NAME>LAPLMG1_7_B2</RESOURCE_NAME>
<OPR_DATE>2018-09-19</OPR_DATE>
<INTERVAL_NUM>235</INTERVAL_NUM>
<INTERVAL_START_GMT>2018-09-20T02:30:00-00:00</INTERVAL_START_GMT>
<INTERVAL_END_GMT>2018-09-20T02:35:00-00:00</INTERVAL_END_GMT>
<VALUE>27.62848</VALUE>
</REPORT_DATA>
</REPORT_ITEM>
<DISCLAIMER_ITEM>
<DISCLAIMER>The contents of these pages are subject to change without notice.  Decisions based on information contained within the California ISO's web site are the visitor's sole responsibility.</DISCLAIMER>
</DISCLAIMER_ITEM>
</RTO>
</MessagePayload>
</OASISReport>
